ResortId,Resort,RoomTypeID,RoomType,PropertyTypeId,PropertyType,BedroomID,BedType,Name,Resort name in tzort ,Resort Name in wyndham,resort id in wyndham onwner site
69,Mountain Vista Resort,2,Deluxe,12,,1,Studio,Wyndham Mountain Vista - Studio Deluxe,Mountain Vista Resort,Club Wyndham Mountain Vista,67.0
69,Mountain Vista Resort,2,Deluxe,12,,2,1 Bed,Wyndham Mountain Vista 1 Bedroom,Mountain Vista Resort,Club Wyndham Mountain Vista,67.0
69,Mountain Vista Resort,2,Deluxe,12,,3,2 Beds,Wyndham Mountain Vista - 2 Bedroom Deluxe,Mountain Vista Resort,Club Wyndham Mountain Vista,67.0
69,Mountain Vista Resort,2,Deluxe,12,,4,3 Beds,Wyndham Mountain Vista - 3 Bedroom Deluxe,Mountain Vista Resort,Club Wyndham Mountain Vista,67.0
70,Ocean Walk Resort,3,Suite,12,,2,1 Bed,Wyndham Ocean Walk - 1 Bedroom Suite,Ocean Walk Resort,Club Wyndham Ocean Walk,5.0
70,Ocean Walk Resort,2,Deluxe,12,,3,2 Beds,Wyndham Ocean Walk - 2 Bedroom Deluxe,Ocean Walk Resort,Club Wyndham Ocean Walk,5.0
70,Ocean Walk Resort,2,Deluxe,12,,4,3 Beds,Wyndham Ocean Walk - 3 Bedroom Deluxe,Ocean Walk Resort,Club Wyndham Ocean Walk,5.0
71,Margaritaville - Rio Mar,2,Deluxe,12,,1,Studio,Margaritaville Vacation Club by Wyndham - Rio Mar - Studio,Margaritaville - Rio Mar,Margaritaville Vacation Club by Wyndham - Rio Mar,173.0
71,Margaritaville - Rio Mar,2,Deluxe,12,,2,1 Bed,Margaritaville Vacation Club by Wyndham - Rio Mar - 1 Bedroom,Margaritaville - Rio Mar,Margaritaville Vacation Club by Wyndham - Rio Mar,173.0
72,Smugglers' Notch Vermont Resort,3,Suite,12,,2,1 Bed,Wyndham Smugglers Notch - 1 Bedroom,Smugglers' Notch Vermont Resort,Club Wyndham Smugglers' Notch VermontÃ‚Â®,19.0
72,Smugglers' Notch Vermont Resort,2,Deluxe,20,Condo,3,2 Beds,Wyndham Smugglers Notch - 2 Bedroom,Smugglers' Notch Vermont Resort,Club Wyndham Smugglers' Notch VermontÃ‚Â®,19.0
72,Smugglers' Notch Vermont Resort,2,Deluxe,12,,4,3 Beds,Wyndham Smugglers Notch - 3 Bedroom Deluxe,Smugglers' Notch Vermont Resort,Club Wyndham Smugglers' Notch VermontÃ‚Â®,19.0
73,Steamboat Springs Resort,2,Deluxe,12,,2,1 Bed,Wyndham Vacation Resorts Steamboat Springs - 1 Bedroom Deluxe,Steamboat Springs Resort,Club Wyndham Steamboat Springs,7.0
73,Steamboat Springs Resort,2,Deluxe,12,,3,2 Beds,Wyndham Vacation Resorts Steamboat Springs - 2 Bedroom Deluxe,Steamboat Springs Resort,Club Wyndham Steamboat Springs,7.0
73,Steamboat Springs Resort,2,Deluxe,12,,4,3 Beds,Wyndham Vacation Resorts Steamboat Springs - 3 Bedroom Deluxe,Steamboat Springs Resort,Club Wyndham Steamboat Springs,7.0
74,Ocean Boulevard Resort,2,Deluxe,12,,2,1 Bed,Wyndham Ocean Boulevard - 1 Bedroom,Ocean Boulevard Resort,Club Wyndham Ocean Boulevard,4.0
74,Ocean Boulevard Resort,2,Deluxe,12,,3,2 Beds,Wyndham Ocean Boulevard - 2 Bedroom,Ocean Boulevard Resort,Club Wyndham Ocean Boulevard,4.0
74,Ocean Boulevard Resort,2,Deluxe,12,,4,3 Beds,Wyndham Ocean Boulevard - 3 Bedroom,Ocean Boulevard Resort,Club Wyndham Ocean Boulevard,4.0
74,Ocean Boulevard Resort,4,Presidential,12,,5,4 Beds,Wyndham Ocean Boulevard - 4 Bedroom Presidential,Ocean Boulevard Resort,Club Wyndham Ocean Boulevard,4.0
75,Glacier Canyon Resort,2,Deluxe,12,,2,1 Bed,Wyndham Glacier Canyon - 1 Bedroom,Glacier Canyon Resort,Club Wyndham Glacier Canyon,93.0
75,Glacier Canyon Resort,2,Deluxe,12,,3,2 Beds,Wyndham Glacier Canyon - 2 Bedroom,Glacier Canyon Resort,Club Wyndham Glacier Canyon,93.0
75,Glacier Canyon Resort,2,Deluxe,12,,4,3 Beds,Wyndham Glacier Canyon - 3 Bedroom,Glacier Canyon Resort,Club Wyndham Glacier Canyon,93.0
76,Pagosa Resort,3,Suite,12,,2,1 Bed,Wyndham Pagosa - 1 Bedroom Suite,Pagosa Resort,Club Wyndham Pagosa,73.0
76,Pagosa Resort,2,Deluxe,12,,3,2 Beds,Wyndham Pagosa - 2 Bedroom Deluxe,Pagosa Resort,Club Wyndham Pagosa,73.0
77,Club Wyndham Bonnet Creek,2,Deluxe,12,,2,1 Bed,Wyndham Bonnet Creek Resort - 1 Bedroom,Club Wyndham Bonnet Creek,Club Wyndham Bonnet Creek,45.0
77,Club Wyndham Bonnet Creek,2,Deluxe,12,,3,2 Beds,Wyndham Bonnet Creek Resort - 2 Bedroom,Club Wyndham Bonnet Creek,Club Wyndham Bonnet Creek,45.0
77,Club Wyndham Bonnet Creek,2,Deluxe,12,,4,3 Beds,Wyndham Bonnet Creek Resort - 3 Bedroom Deluxe,Club Wyndham Bonnet Creek,Club Wyndham Bonnet Creek,45.0
77,Club Wyndham Bonnet Creek,4,Presidential,12,,5,4 Beds,Wyndham Bonnet Creek 4 Bedroom,Club Wyndham Bonnet Creek,Club Wyndham Bonnet Creek,45.0
78,Fairfield Bay Resort,2,Deluxe,12,,2,1 Bed,Wyndham Resort At Fairfield Bay - 1 Bedroom Deluxe,Fairfield Bay Resort,Club Wyndham Resort at Fairfield Bay,76.0
78,Fairfield Bay Resort,2,Deluxe,12,,3,2 Beds,Wyndham Resort At Fairfield Bay - 2 Bedroom Deluxe,Fairfield Bay Resort,Club Wyndham Resort at Fairfield Bay,76.0
79,Grand Lake Resort,3,Suite,12,,2,1 Bed,Club Wyndham Grand Lake - 1 Bedroom,Grand Lake Resort,Club Wyndham Grand Lake,108.0
79,Grand Lake Resort,2,Deluxe,12,,3,2 Beds,Club Wyndham Grand Lake - 2 Bedroom,Grand Lake Resort,Club Wyndham Grand Lake,108.0
80,Austin Resort,2,Deluxe,12,,1,Studio,Wyndham Austin - Studio,Austin Resort,Club Wyndham Austin,283.0
80,Austin Resort,2,Deluxe,12,,2,1 Bed,Wyndham Austin - 1 Bedroom Deluxe,Austin Resort,Club Wyndham Austin,283.0
80,Austin Resort,2,Deluxe,12,,3,2 Beds,Wyndham Austin - 2 Bedroom Deluxe,Austin Resort,Club Wyndham Austin,283.0
81,Grand Desert Resort,3,Suite,12,,2,1 Bed,Wyndham Grand Desert - 1 Bedroom Suite,Grand Desert Resort,Club Wyndham Grand Desert,54.0
81,Grand Desert Resort,2,Deluxe,12,,3,2 Beds,Wyndham Grand Desert - 2 Bedroom Deluxe,Grand Desert Resort,Club Wyndham Grand Desert,54.0
81,Grand Desert Resort,2,Deluxe,12,,4,3 Beds,Wyndham Grand Desert - 3 Bedroom Deluxe,Grand Desert Resort,Club Wyndham Grand Desert,54.0
82,Canterbury Resort,2,Deluxe,12,,2,1 Bed,Wyndham Canterbury at San Francisco -  1 Bedroom,Canterbury Resort,Club Wyndham Canterbury,48.0
82,Canterbury Resort,2,Deluxe,12,,3,2 Beds,Wyndham Canterbury at San Francisco - 2 Bedroom,Canterbury Resort,Club Wyndham Canterbury,48.0
83,Fairfield Mountains Resort,3,Suite,12,,2,1 Bed,Wyndham Resort at Fairfield Mountains - 1 Bedroom Suite,Fairfield Mountains Resort,Club Wyndham Resort at Fairfield Mountains,79.0
83,Fairfield Mountains Resort,2,Deluxe,12,,3,2 Beds,Wyndham Resort at Fairfield Mountains - 2 Bedroom Deluxe,Fairfield Mountains Resort,Club Wyndham Resort at Fairfield Mountains,79.0
84,Midtown 45 Resort,1,Standard,12,,1,Studio,Wyndham Midtown 45 at New York City -  Hotel,Midtown 45 Resort,Club Wyndham Midtown 45,167.0
84,Midtown 45 Resort,2,Deluxe,12,,2,1 Bed,Wyndham Midtown 45 at New York City - 1 Bedroom,Midtown 45 Resort,Club Wyndham Midtown 45,167.0
84,Midtown 45 Resort,4,Presidential,12,,3,2 Beds,Wyndham Midtown 45 at New York City - 2 Bedroom Presidential,Midtown 45 Resort,Club Wyndham Midtown 45,167.0
85,Nashville Resort,3,Suite,12,,2,1 Bed,Wyndham Nashville - 1 Bedroom Suite,Nashville Resort,Club Wyndham Nashville,68.0
85,Nashville Resort,2,Deluxe,12,,3,2 Beds,Wyndham Nashville - 2 Bedroom Condo,Nashville Resort,Club Wyndham Nashville,68.0
86,Westwinds Resort,3,Suite,12,,2,1 Bed,Wyndham Westwinds - 1 Bedroom,Westwinds Resort,Club Wyndham Westwinds,103.0
86,Westwinds Resort,2,Deluxe,12,,3,2 Beds,Wyndham Westwinds - 2 Bedroom,Westwinds Resort,Club Wyndham Westwinds,103.0
87,Towers on the Grove Resort,1,Standard,12,,1,Studio,Wyndham Towers on the Grove at North Myrtle Beach - Studio,Towers on the Grove Resort,Club Wyndham Towers on the Grove,102.0
87,Towers on the Grove Resort,1,Standard,12,,2,1 Bed,Wyndham Towers on the Grove at North Myrtle Beach - 1 Bedroom,Towers on the Grove Resort,Club Wyndham Towers on the Grove,102.0
87,Towers on the Grove Resort,2,Deluxe,12,,3,2 Beds,Wyndham Towers on the Grove at North Myrtle Beach - 2 Bedroom,Towers on the Grove Resort,Club Wyndham Towers on the Grove,102.0
88,SeaWatch Resort,2,Deluxe,12,,2,1 Bed,Wyndham SeaWatch Plantation - 1 Bedroom,SeaWatch Resort,Club Wyndham SeaWatch Resort,87.0
88,SeaWatch Resort,2,Deluxe,12,,3,2 Beds,Wyndham SeaWatch Plantation - 2 Bedroom,SeaWatch Resort,Club Wyndham SeaWatch Resort,87.0
89,Branson at The Meadows Resort,3,Suite,12,,2,1 Bed,Wyndham Branson at The Meadows - 1 Bedroom Suite,Branson at The Meadows Resort,Club Wyndham Branson at The Meadows,47.0
89,Branson at The Meadows Resort,2,Deluxe,12,,3,2 Beds,Wyndham Branson at The Meadows - 2 Bedroom Condo,Branson at The Meadows Resort,Club Wyndham Branson at The Meadows,47.0
91,Branson at The Falls Resort,1,Standard,12,,1,Studio,Wyndham Branson at the Falls - Studio,Branson at The Falls Resort,Club Wyndham Branson at The Falls,46.0
91,Branson at The Falls Resort,3,Suite,12,,2,1 Bed,Wyndham Branson at the Falls - 1 Bedroom Condo,Branson at The Falls Resort,Club Wyndham Branson at The Falls,46.0
91,Branson at The Falls Resort,1,Standard,12,,3,2 Beds,Wyndham Branson at the Falls - 2 Bedroom Lockoff,Branson at The Falls Resort,Club Wyndham Branson at The Falls,46.0
92,Smoky Mountains Resort,3,Suite,20,Condo,2,1 Bed,Wyndham Smoky Mountains - 1 Bedroom Condo,Smoky Mountains Resort,Club Wyndham Smoky Mountains,90.0
92,Smoky Mountains Resort,2,Deluxe,20,Condo,3,2 Beds,Wyndham Smoky Mountains - 2 Bedroom Condo,Smoky Mountains Resort,Club Wyndham Smoky Mountains,90.0
92,Smoky Mountains Resort,2,Deluxe,20,Condo,4,3 Beds,Wyndham Smoky Mountains - 3 Bedroom Condo,Smoky Mountains Resort,Club Wyndham Smoky Mountains,90.0
93,Desert Blue Resort,1,Standard,12,,1,Studio,Wyndham Desert Blue - Studio,Desert Blue Resort,Club Wyndham Desert Blue,172.0
93,Desert Blue Resort,3,Suite,12,,2,1 Bed,Wyndham Desert Blue - 1 Bedroom Suite,Desert Blue Resort,Club Wyndham Desert Blue,172.0
93,Desert Blue Resort,2,Deluxe,12,,3,2 Beds,Wyndham Desert Blue - 2 Bedroom Deluxe Suite,Desert Blue Resort,Club Wyndham Desert Blue,172.0
94,Fairfield Glade Resort,1,Standard,12,,1,Studio,Wyndham Resort at Fairfield Glade - Studio,Fairfield Glade Resort,Club Wyndham Resort at Fairfield Glade,77.0
94,Fairfield Glade Resort,2,Deluxe,12,,3,2 Beds,Wyndham Resort at Fairfield Glade - 2 Bedroom Condo,Fairfield Glade Resort,Club Wyndham Resort at Fairfield Glade,77.0
94,Fairfield Glade Resort,2,Deluxe,12,,5,4 Beds,Wyndham Resort at Fairfield Glade - 4 Bedroom Condo,Fairfield Glade Resort,Club Wyndham Resort at Fairfield Glade,77.0
95,Palm-Aire Resort,1,Standard,12,,1,Studio,Wyndham Palm-Aire - Studio,Palm-Aire Resort,Club Wyndham Palm-Aire,74.0
95,Palm-Aire Resort,2,Deluxe,12,,2,1 Bed,Wyndham Palm-Aire - 1 Bedroom Condo,Palm-Aire Resort,Club Wyndham Palm-Aire,74.0
95,Palm-Aire Resort,2,Deluxe,12,,3,2 Beds,Wyndham Palm-Aire - 2 Bedroom Condo,Palm-Aire Resort,Club Wyndham Palm-Aire,74.0
97,Star Island Resort,2,Deluxe,20,Condo,3,2 Beds,Wyndham Star Island - 2 Bedroom Condo,Star Island Resort,Club Wyndham Star Island,39.0
99,Great Smokies Lodge,2,Deluxe,12,,2,1 Bed,Wyndham Vacation Resorts Great Smokies Lodge - 1 Bedroom Deluxe,Great Smokies Lodge,Club Wyndham Great Smokies Lodge,97.0
99,Great Smokies Lodge,2,Deluxe,12,,3,2 Beds,Wyndham Vacation Resorts Great Smokies Lodge - 2 Bedroom Deluxe,Great Smokies Lodge,Club Wyndham Great Smokies Lodge,97.0
99,Great Smokies Lodge,2,Deluxe,12,,4,3 Beds,Wyndham Vacation Resorts Great Smokies Lodge - 3 Bedroom Deluxe,Great Smokies Lodge,Club Wyndham Great Smokies Lodge,97.0
99,Great Smokies Lodge,4,Presidential,12,,5,4 Beds,Wyndham Vacation Resorts Great Smokies Lodge - 4 Bedroom Presidential,Great Smokies Lodge,Club Wyndham Great Smokies Lodge,97.0
100,National Harbor Resort,2,Deluxe,12,,2,1 Bed,Wyndham Vacation Resorts at National Harbor - 1 Bedroom Deluxe,National Harbor Resort,Club Wyndham National Harbor,95.0
100,National Harbor Resort,2,Deluxe,12,,3,2 Beds,Wyndham Vacation Resorts at National Harbor - 2 Bedroom Deluxe,National Harbor Resort,Club Wyndham National Harbor,95.0
100,National Harbor Resort,2,Deluxe,12,,4,3 Beds,Wyndham Vacation Resorts at National Harbor - 3 Bedroom Deluxe,National Harbor Resort,Club Wyndham National Harbor,95.0
101,Ocean Ridge Resort,3,Suite,12,,2,1 Bed,Wyndham Ocean Ridge - 1 Bedroom Suite,Ocean Ridge Resort,Club Wyndham Ocean Ridge,15.0
101,Ocean Ridge Resort,2,Deluxe,12,,3,2 Beds,Wyndham Ocean Ridge - 2 Bedroom Deluxe,Ocean Ridge Resort,Club Wyndham Ocean Ridge,15.0
102,South Shore Resort,2,Deluxe,12,,2,1 Bed,Wyndham South Shore - 1 Bedroom Deluxe,South Shore Resort,Club Wyndham South Shore,91.0
102,South Shore Resort,2,Deluxe,12,,3,2 Beds,Wyndham South Shore - 2 Bedroom Deluxe,South Shore Resort,Club Wyndham South Shore,91.0
103,Park City Resort,2,Deluxe,12,,2,1 Bed,Wyndham Park City - 1 Bedroom Deluxe,Park City Resort,Club Wyndham Park City,170.0
103,Park City Resort,2,Deluxe,12,,3,2 Beds,Wyndham Park City - 2 Bedroom Deluxe,Park City Resort,Club Wyndham Park City,170.0
104,Patriot's Place Resort,2,Deluxe,12,,1,Studio,Wyndham Patriots Place - Studio,Patriot's Place Resort,Club Wyndham Patriots' Place,75.0
104,Patriot's Place Resort,3,Suite,12,,2,1 Bed,Wyndham Patriots Place - 1 Bedroom Suite,Patriot's Place Resort,Club Wyndham Patriots' Place,75.0
104,Patriot's Place Resort,2,Deluxe,12,,3,2 Beds,Wyndham Patriots Place - 2 Bedroom Lockoff,Patriot's Place Resort,Club Wyndham Patriots' Place,75.0
105,Kingsgate Resort,3,Suite,12,,2,1 Bed,Wyndham Kingsgate - 1 Bedroom Suite,Kingsgate Resort,Club Wyndham Kingsgate,60.0
105,Kingsgate Resort,2,Deluxe,12,,3,2 Beds,Wyndham Kingsgate - 2 Bedroom Deluxe,Kingsgate Resort,Club Wyndham Kingsgate,60.0
105,Kingsgate Resort,1,Standard,12,,4,3 Beds,Wyndham Kingsgate - 3 Bedroom Lockoff,Kingsgate Resort,Club Wyndham Kingsgate,60.0
106,Bali Hai Villas,3,Suite,12,,2,1 Bed,Wyndham Bali Hai Villas - 1 Bedroom Suite,Bali Hai Villas,Club Wyndham Bali Hai Villas,41.0
106,Bali Hai Villas,2,Deluxe,12,,3,2 Beds,Wyndham Bali Hai Villas - 2 Bedroom Deluxe,Bali Hai Villas,Club Wyndham Bali Hai Villas,41.0
107,Governor's Green Resort,3,Suite,12,,2,1 Bed,Wyndham Governor's Green - 1 Bedroom Suite,Governor's Green Resort,Club Wyndham Governor's Green,53.0
107,Governor's Green Resort,2,Deluxe,12,,3,2 Beds,Wyndham Governor's Green - 2 Bedroom Deluxe,Governor's Green Resort,Club Wyndham Governor's Green,53.0
107,Governor's Green Resort,2,Deluxe,12,,4,3 Beds,Wyndham Governor's Green - 3 Bedroom Deluxe,Governor's Green Resort,Club Wyndham Governor's Green,53.0
107,Governor's Green Resort,2,Deluxe,12,,5,4 Beds,Wyndham Governor's Green - 4 Bedroom Deluxe,Governor's Green Resort,Club Wyndham Governor's Green,53.0
108,Sedona Resort,3,Suite,12,,2,1 Bed,Wyndham Sedona - 1 Bedroom Suite,Sedona Resort,Club Wyndham Sedona,88.0
109,Flagstaff Resort,2,Deluxe,12,,2,1 Bed,Wyndham Flagstaff- 1 Bedroom Condo,Flagstaff Resort,Club Wyndham Flagstaff,52.0
109,Flagstaff Resort,2,Deluxe,12,,3,2 Beds,Wyndham Flagstaff- 2 Bedroom Condo,Flagstaff Resort,Club Wyndham Flagstaff,52.0
113,Angels Camp Resort,1,Standard,12,,2,1 Bed,Wyndham Angels Camp - 1 Bedroom Condo,Angels Camp Resort,Club Wyndham Angels Camp,105.0
113,Angels Camp Resort,1,Standard,12,,3,2 Beds,Wyndham Angels Camp - 2 Bedroom Condo,Angels Camp Resort,Club Wyndham Angels Camp,105.0
113,Angels Camp Resort,1,Standard,12,,4,3 Beds,Wyndham Angels Camp - 3 Bedroom Condo,Angels Camp Resort,Club Wyndham Angels Camp,105.0
114,Bentley Brook Resort,1,Standard,12,,1,Studio,Club Wyndham Bentley Brook Resort - Studio,Bentley Brook Resort,Club Wyndham Bentley Brook,23.0
114,Bentley Brook Resort,3,Suite,12,,2,1 Bed,Club Wyndham Bentley Brook Resort - 1 Bedroom,Bentley Brook Resort,Club Wyndham Bentley Brook,23.0
114,Bentley Brook Resort,2,Deluxe,12,,3,2 Beds,Club Wyndham Bentley Brook Resort - 2 Bedroom,Bentley Brook Resort,Club Wyndham Bentley Brook,23.0
116,Lake of the Ozarks Resort,1,Standard,12,,2,1 Bed,Wyndham Lake of the Ozarks 1 Bedroom,Lake of the Ozarks Resort,Club Wyndham Lake of the Ozarks,110.0
116,Lake of the Ozarks Resort,1,Standard,12,,3,2 Beds,Wyndham Lake of the Ozarks 2 Bedroom,Lake of the Ozarks Resort,Club Wyndham Lake of the Ozarks,110.0
117,Skyline Tower Resort,3,Suite,12,,2,1 Bed,Wyndham Skyline Tower - 1 Bedroom Suite,Skyline Tower Resort,Club Wyndham Skyline Tower,16.0
117,Skyline Tower Resort,2,Deluxe,12,,3,2 Beds,Wyndham Skyline Tower - 2 Bedroom Deluxe,Skyline Tower Resort,Club Wyndham Skyline Tower,16.0
118,Shawnee Village Resort,2,Deluxe,9,Villa,2,1 Bed,Wyndham Resorts at Shawnee Village - 1 Bedroom Villa,Shawnee Village Resort,Club Wyndham Shawnee Village,101.0
118,Shawnee Village Resort,2,Deluxe,9,Villa,3,2 Beds,Wyndham Resorts at Shawnee Village - 2 Bedroom Villa,Shawnee Village Resort,Club Wyndham Shawnee Village,101.0
119,Avenue Plaza Resort,2,Deluxe,12,,1,Studio,Wyndham Avenue Plaza Studio Deluxe,Avenue Plaza Resort,Club Wyndham Avenue Plaza,32.0
119,Avenue Plaza Resort,2,Deluxe,12,,2,1 Bed,Wyndham Avenue Plaza 1 Bedroom Deluxe,Avenue Plaza Resort,Club Wyndham Avenue Plaza,32.0
121,Panama City Beach Resort,1,Standard,12,,1,Studio,Club Wyndham Panama City Beach - Studio,Panama City Beach Resort,Club Wyndham Panama City Beach,99.0
121,Panama City Beach Resort,2,Deluxe,12,,2,1 Bed,Club Wyndham Panama City Beach - 1 Bedroom,Panama City Beach Resort,Club Wyndham Panama City Beach,99.0
121,Panama City Beach Resort,1,Standard,12,,3,2 Beds,Club Wyndham Panama City Beach - 2 Bedroom,Panama City Beach Resort,Club Wyndham Panama City Beach,99.0
123,Majestic Sun Resort,3,Suite,12,,2,1 Bed,Wyndham Majestic Sun - 1 Bedroom,Majestic Sun Resort,Club Wyndham at Majestic Sun,94.0
123,Majestic Sun Resort,2,Deluxe,12,,3,2 Beds,Wyndham Majestic Sun - 2 Bedroom,Majestic Sun Resort,Club Wyndham at Majestic Sun,94.0
126,Margaritaville - Nashville,2,Deluxe,12,,1,Studio,Margaritaville Vacation Club by Wyndham at Nashville - Studio,Margaritaville - Nashville,,
127,Emerald Grande Resort at Destin,1,Standard,12,,2,1 Bed,Club Wyndham Emerald Grande - 1 Bedroom,Emerald Grande Resort at Destin,Club Wyndham Emerald GrandeÃ‚â„¢ at Destin,96.0
127,Emerald Grande Resort at Destin,2,Deluxe,12,,4,3 Beds,Club Wyndham Emerald Grandeâ„¢ - 3 Bedroom Deluxe,Emerald Grande Resort at Destin,Club Wyndham Emerald GrandeÃ‚â„¢ at Destin,96.0
139,Dolphin's Cove Resort,3,Suite,12,,2,1 Bed,Club Wyndham Dolphin's Cove - 1 Bedroom Suite,Dolphin's Cove Resort,Club Wyndham Dolphin's Cove,35.0
139,Dolphin's Cove Resort,2,Deluxe,12,,3,2 Beds,Club Wyndham Dolphin's Cove - 2 Bedroom Deluxe,Dolphin's Cove Resort,Club Wyndham Dolphin's Cove,35.0
141,Waikiki Beach Walk Resort,3,Suite,12,,2,1 Bed,Club Wyndham at Waikiki Beach WalkÂ® - 1 Bedroom Suite,Waikiki Beach Walk Resort,Club Wyndham at Waikiki Beach WalkÃ‚Â®,25.0
141,Waikiki Beach Walk Resort,2,Deluxe,12,,3,2 Beds,Club Wyndham at Waikiki Beach WalkÂ® - 2 Bedroom Deluxe,Waikiki Beach Walk Resort,Club Wyndham at Waikiki Beach WalkÃ‚Â®,25.0
142,Clearwater Beach Resort,2,Deluxe,12,,2,1 Bed,Wyndham Clearwater Beach Resort - 1 Bedroom Deluxe,Clearwater Beach Resort,Club Wyndham Clearwater Beach,279.0
147,Avon Resort,4,Presidential,12,,1,Studio,Club Wyndham Resort at Avon - Studio Presidential,Avon Resort,Club Wyndham Resort at Avon,171.0
147,Avon Resort,4,Presidential,12,,2,1 Bed,Club Wyndham Resort at Avon - 1 Bedroom Presidential,Avon Resort,Club Wyndham Resort at Avon,171.0
147,Avon Resort,4,Presidential,12,,3,2 Beds,Club Wyndham Resort at Avon - 2 Bedroom Presidential,Avon Resort,Club Wyndham Resort at Avon,171.0
147,Avon Resort,4,Presidential,12,,4,3 Beds,Club Wyndham Resort at Avon - 3 Bedroom Presidential,Avon Resort,Club Wyndham Resort at Avon,171.0
148,Fairfield Sapphire Valley,3,Suite,12,,2,1 Bed,Club Wyndham Resort at Fairfield Sapphire Valley - 1 Bedroom Suite,Fairfield Sapphire Valley,Club Wyndham Resort at Fairfield Sapphire Valley,81.0
148,Fairfield Sapphire Valley,2,Deluxe,12,,3,2 Beds,Club Wyndham Resort at Fairfield Sapphire Valley - 2 Bedroom Condo,Fairfield Sapphire Valley,Club Wyndham Resort at Fairfield Sapphire Valley,81.0
149,Royal Sea Cliff Resort,2,Deluxe,12,,2,1 Bed,Club Wyndham Royal Sea Cliff - 1 Bedroom Deluxe,Royal Sea Cliff Resort,Club Wyndham Royal Sea Cliff,83.0
149,Royal Sea Cliff Resort,2,Deluxe,12,,3,2 Beds,Club Wyndham Royal Sea Cliff - 2 Bedroom Deluxe,Royal Sea Cliff Resort,Club Wyndham Royal Sea Cliff,83.0
150,Royal Vista Resort,2,Deluxe,12,,2,1 Bed,Wyndham Royal Vista - 1 Bedroom Condo,Royal Vista Resort,Club Wyndham Royal Vista,84.0
150,Royal Vista Resort,2,Deluxe,12,,3,2 Beds,Wyndham Royal Vista - 2 Bedroom Condo,Royal Vista Resort,Club Wyndham Royal Vista,84.0
151,Wyndham Santa Barbara,1,Standard,12,,1,Studio,Club Wyndham Santa Barbara - Studio,Wyndham Santa Barbara,Club Wyndham Santa Barbara,85.0
151,Wyndham Santa Barbara,1,Standard,12,,2,1 Bed,Club Wyndham Santa Barbara - 1 Bedroom,Wyndham Santa Barbara,Club Wyndham Santa Barbara,85.0
152,Sea Gardens Resort,1,Standard,20,Condo,1,Studio,Wyndham Sea Gardens - Studio Condo,Sea Gardens Resort,Club Wyndham Sea Gardens,86.0
152,Sea Gardens Resort,2,Deluxe,20,Condo,2,1 Bed,Wyndham Sea Gardens - 1 Bedroom Condo,Sea Gardens Resort,Club Wyndham Sea Gardens,86.0
152,Sea Gardens Resort,2,Deluxe,20,Condo,3,2 Beds,Wyndham Sea Gardens - 2 Bedroom Condo,Sea Gardens Resort,Club Wyndham Sea Gardens,86.0
153,Margaritaville - St. Thomas,1,Standard,12,,1,Studio,Margaritaville Vacation Club by Wyndham - St. Thomas - Studio,Margaritaville - St. Thomas,Margaritaville Vacation Club by Wyndham - St. Thomas,169.0
155,Royal Garden at Waikiki,1,Standard,12,,1,Studio,Club Wyndham Royal Garden at Waikiki - Studio,Royal Garden at Waikiki,Club Wyndham Royal Garden at Waikiki,26.0
155,Royal Garden at Waikiki,4,Presidential,12,,2,1 Bed,Club Wyndham Royal Garden at Waikiki - 1 Bedroom Presidential,Royal Garden at Waikiki,Club Wyndham Royal Garden at Waikiki,26.0
155,Royal Garden at Waikiki,4,Presidential,12,,3,2 Beds,Club Wyndham Royal Garden at Waikiki - 2 Bedroom Presidential,Royal Garden at Waikiki,Club Wyndham Royal Garden at Waikiki,26.0
156,La Belle Maison Resort,3,Suite,12,,1,Studio,Wyndham La Belle Maison - Studio,La Belle Maison Resort,Club Wyndham La Belle Maison,62.0
156,La Belle Maison Resort,3,Suite,12,,2,1 Bed,Wyndham La Belle Maison - 1 Bedroom,La Belle Maison Resort,Club Wyndham La Belle Maison,62.0
156,La Belle Maison Resort,3,Suite,20,Condo,3,2 Beds,Wyndham La Belle Maison - 2 Bedroom,La Belle Maison Resort,Club Wyndham La Belle Maison,62.0
158,Durango Resort,1,Standard,12,,2,1 Bed,Club Wyndham Durango - 1 Bedroom,Durango Resort,Club Wyndham Durango,50.0
159,Harbour Lights Resort,1,Standard,12,,1,Studio,Club Wyndham Harbour Lights - Studio,Harbour Lights Resort,Club Wyndham Harbour Lights,55.0
159,Harbour Lights Resort,1,Standard,12,,2,1 Bed,Club Wyndham Harbour Lights - 1 Bedroom,Harbour Lights Resort,Club Wyndham Harbour Lights,55.0
160,King Cotton Villas Resort,4,Presidential,20,Condo,4,3 Beds,Club Wyndham King Cotton Villas - 3 Bedroom,King Cotton Villas Resort,Club Wyndham King Cotton Villas,6.0
161,Oceanside Pier Resort,2,Deluxe,12,,2,1 Bed,Club Wyndham Oceanside Pier Resort - 1 Bedroom,Oceanside Pier Resort,Club Wyndham Oceanside Pier Resort,71.0
161,Oceanside Pier Resort,2,Deluxe,12,,3,2 Beds,Club Wyndham Oceanside Pier Resort - 2 Bedroom,Oceanside Pier Resort,Club Wyndham Oceanside Pier Resort,71.0
163,Taos Resort,1,Standard,12,,1,Studio,Wyndham Taos - Studio,Taos Resort,Club Wyndham Taos,112.0
163,Taos Resort,1,Standard,12,,2,1 Bed,Wyndham Taos - 1 Bedroom Suite,Taos Resort,Club Wyndham Taos,112.0
164,Fairfield Harbour Resort,2,Deluxe,12,,3,2 Beds,Wyndham Resort at Fairfield Harbour- 2 Bedroom,Fairfield Harbour Resort,Club Wyndham Fairfield Harbour,78.0
167,Margaritaville - Desert Blue,2,Deluxe,12,,4,3 Beds,Wyndham Maragritaville Desert Blue - 3 Bedroom Deluxe,Margaritaville - Desert Blue,Margaritaville Vacation Club by Wyndham - Desert Blue,294.0
170,Anaheim Resort,1,Standard,12,,1,Studio,Club Wyndham Anaheim - Studio,Anaheim Resort,Club Wyndham Anaheim,104.0
170,Anaheim Resort,1,Standard,12,,2,1 Bed,Club Wyndham Anaheim - 1 Bedroom,Anaheim Resort,Club Wyndham Anaheim,104.0
170,Anaheim Resort,1,Standard,12,,3,2 Beds,Club Wyndham Anaheim - 2 Bedroom,Anaheim Resort,Club Wyndham Anaheim,104.0
171,Bay Club Resort,1,Standard,12,,1,Studio,Club Wyndham Bay Club - Studio Condo,Bay Club Resort,Club Wyndham Bay Club,33.0
171,Bay Club Resort,1,Standard,12,,2,1 Bed,Club Wyndham Bay Club - 1 Bedroom Condo,Bay Club Resort,Club Wyndham Bay Club,33.0
171,Bay Club Resort,1,Standard,12,,3,2 Beds,Club Wyndham Bay Club - 2 Bedroom Condo,Bay Club Resort,Club Wyndham Bay Club,33.0
172,Beach Street Cottages Resort,1,Standard,12,,1,Studio,Club Wyndham Beach Street Cottages - Studio,Beach Street Cottages Resort,Club Wyndham Beach Street Cottages,44.0
172,Beach Street Cottages Resort,1,Standard,12,,2,1 Bed,Club Wyndham Beach Street Cottagesâ„¢ - 1 Bedroom,Beach Street Cottages Resort,Club Wyndham Beach Street Cottages,44.0
174,La Cascada Resort,3,Suite,12,,2,1 Bed,Wyndham La Cascada - 1 Bedroom,La Cascada Resort,Club Wyndham La Cascada,14.0
174,La Cascada Resort,1,Standard,12,,3,2 Beds,Club Wyndham La Cascada - 2 Bedroom,La Cascada Resort,Club Wyndham La Cascada,14.0
176,Riverside Suites Resort,1,Standard,12,,1,Studio,Club Wyndham Riverside Suites - Studio,Riverside Suites Resort,Club Wyndham Riverside Suites,82.0
176,Riverside Suites Resort,1,Standard,12,,2,1 Bed,Club Wyndham Riverside Suites - 1 Bedroom Condo,Riverside Suites Resort,Club Wyndham Riverside Suites,82.0
176,Riverside Suites Resort,1,Standard,12,,3,2 Beds,Club Wyndham Riverside Suites - 2 Bedroom Condo,Riverside Suites Resort,Club Wyndham Riverside Suites,82.0
178,Tamarack Resort,2,Deluxe,12,,2,1 Bed,Club Wyndham Tamarack - 1 Bedroom,Tamarack Resort,Club Wyndham Tamarack,92.0
178,Tamarack Resort,2,Deluxe,12,,3,2 Beds,Club Wyndham Tamarack - 2 Bedroom,Tamarack Resort,Club Wyndham Tamarack,92.0
179,Old Town Alexandria Resort,2,Deluxe,12,,2,1 Bed,Wyndham Old Town Alexandria - 1 Bedroom Condo,Old Town Alexandria Resort,Club Wyndham Old Town Alexandria,72.0
179,Old Town Alexandria Resort,2,Deluxe,12,,3,2 Beds,Wyndham Old Town Alexandria - 2 Bedroom Condo,Old Town Alexandria Resort,Club Wyndham Old Town Alexandria,72.0
184,Vino Bello Resort,1,Standard,12,,1,Studio,Club Wyndham Vino Bello Resort - Studio,Vino Bello Resort,Club Wyndham Vino Bello Resort,309.0
184,Vino Bello Resort,1,Standard,12,,2,1 Bed,Club Wyndham Vino Bello Resort - 1 Bedroom,Vino Bello Resort,Club Wyndham Vino Bello Resort,309.0
184,Vino Bello Resort,1,Standard,12,,3,2 Beds,Club Wyndham Vino Bello Resort - 2 Bedroom,Vino Bello Resort,Club Wyndham Vino Bello Resort,309.0
185,Auberge du Lac Morency Resort,1,Standard,12,,1,Studio,Club GeoPremiere at Auberge du Lac Morency - Studio,Auberge du Lac Morency Resort,Club GeoPremiere at Auberge du Lac Morency,118.0
185,Auberge du Lac Morency Resort,1,Standard,12,,2,1 Bed,Club GeoPremiere at Auberge du Lac Morency - 1 Bedroom,Auberge du Lac Morency Resort,Club GeoPremiere at Auberge du Lac Morency,118.0
185,Auberge du Lac Morency Resort,1,Standard,12,,3,2 Beds,Club GeoPremiere at Auberge du Lac Morency - 2 Bedroom,Auberge du Lac Morency Resort,Club GeoPremiere at Auberge du Lac Morency,118.0
186,Pinetop Resort,1,Standard,12,,1,Studio,Wyndham Pinetop - Studio,Pinetop Resort,Club Wyndham Pinetop,115.0
186,Pinetop Resort,1,Standard,12,,2,1 Bed,Wyndham Pinetop - 1 Bedroom Deluxe,Pinetop Resort,Club Wyndham Pinetop,115.0
186,Pinetop Resort,1,Standard,12,,3,2 Beds,Wyndham Pinetop - 2 Bedroom Deluxe,Pinetop Resort,Club Wyndham Pinetop,115.0
187,Club Wyndham Mauna Loa Village,1,Standard,12,,2,1 Bed,Club Wyndham Mauna Loa Village - 1 Bedroom,Club Wyndham Mauna Loa Village,Club Wyndham Holua Resort at the Mauna Loa Village,317.0
187,Club Wyndham Mauna Loa Village,1,Standard,12,,3,2 Beds,Club Wyndham Mauna Loa Village - 2 Bedroom,Club Wyndham Mauna Loa Village,Club Wyndham Holua Resort at the Mauna Loa Village,317.0
197,The Legacy Golf Resort,1,Standard,12,,1,Studio,Wyndham The Legacy Golf Resort - Studio,The Legacy Golf Resort,Club Wyndham Legacy Golf Resort,306.0
197,The Legacy Golf Resort,3,Suite,12,,2,1 Bed,Wyndham The Legacy Golf Resort - 1 Bedroom,The Legacy Golf Resort,Club Wyndham Legacy Golf Resort,306.0
198,Orange Tree Resort,1,Standard,12,,2,1 Bed,Club Wyndham Orange Tree Resort - 1 Bedroom,Orange Tree Resort,Club Wyndham Orange Tree Resort,302.0
199,Rancho Vistoso Resort,1,Standard,12,,1,Studio,Club Wyndham Rancho Vistoso Resort - Studio,Rancho Vistoso Resort,Club Wyndham Rancho Vistoso,111.0
199,Rancho Vistoso Resort,1,Standard,12,,2,1 Bed,Club Wyndham Rancho Vistoso Resort - 1 Bedroom,Rancho Vistoso Resort,Club Wyndham Rancho Vistoso,111.0
199,Rancho Vistoso Resort,1,Standard,12,,3,2 Beds,Club Wyndham Rancho Vistoso Resort - 2 Bedroom,Rancho Vistoso Resort,Club Wyndham Rancho Vistoso,111.0
199,Rancho Vistoso Resort,1,Standard,12,,4,3 Beds,Club Wyndham Rancho Vistoso Resort - 3 Bedroom,Rancho Vistoso Resort,Club Wyndham Rancho Vistoso,111.0
200,El Cid El Moro Beach Hotel,1,Standard,12,,1,Studio,Wyndham El Cid El Moro Beach Hotel - Studio,El Cid El Moro Beach Hotel,El Cid El Moro Beach Hotel,120.0
200,El Cid El Moro Beach Hotel,1,Standard,12,,2,1 Bed,Wyndham El Cid El Moro Beach Hotel - 1 Bedroom,El Cid El Moro Beach Hotel,El Cid El Moro Beach Hotel,120.0
200,El Cid El Moro Beach Hotel,1,Standard,12,,3,2 Beds,Wyndham El Cid El Moro Beach Hotel - 2 Bedroom,El Cid El Moro Beach Hotel,El Cid El Moro Beach Hotel,120.0
201,El Cid Marina Beach Hotel & Yacht Club,1,Standard,12,,1,Studio,Wyndham El Cid Marina Beach Hotel & Yacht Club - Studio,El Cid Marina Beach Hotel & Yacht Club,El Cid Marina Beach Hotel & Yacht Club,123.0
201,El Cid Marina Beach Hotel & Yacht Club,1,Standard,12,,2,1 Bed,Wyndham El Cid Marina Beach Hotel & Yacht Club - 1 Bedroom,El Cid Marina Beach Hotel & Yacht Club,El Cid Marina Beach Hotel & Yacht Club,123.0
202,Limetree Beach Resort,1,Standard,12,,1,Studio,Limetree Beach Resort by Club Wyndham - Studio,Limetree Beach Resort,Limetree Beach Resort by Club Wyndham,34.0
202,Limetree Beach Resort,3,Suite,12,,2,1 Bed,Limetree Beach Resort by Club Wyndham - 1 Bedroom,Limetree Beach Resort,Limetree Beach Resort by Club Wyndham,34.0
205,Angel Fire Resort,1,Standard,12,,1,Studio,Wyndham Angel Fire Resort - Studio,Angel Fire Resort,Angel Fire Resort,116.0
205,Angel Fire Resort,1,Standard,12,,2,1 Bed,Wyndham Angel Fire Resort - 1 Bedroom Lockoff,Angel Fire Resort,Angel Fire Resort,116.0
205,Angel Fire Resort,2,Deluxe,12,,3,2 Beds,Wyndham Angel Fire Resort - 2 Bedroom Condo,Angel Fire Resort,Angel Fire Resort,116.0
208,Peacock Suites,1,Standard,12,,2,1 Bed,Wyndham Peacock Suites - 1 Bedroom,Peacock Suites,Club Wyndham Peacock Suites,310.0
208,Peacock Suites,1,Standard,12,,3,2 Beds,Wyndham Peacock Suites - 2 Bedroom,Peacock Suites,Club Wyndham Peacock Suites,310.0
238,Kingstown Reef Resort,3,Suite,12,,2,1 Bed,Club Wyndham Kingstown Reef - 1 Bedroom Suite,Kingstown Reef Resort,Club Wyndham Kingstown Reef,318.0
238,Kingstown Reef Resort,3,Suite,20,Condo,3,2 Beds,WorldMark Kingstown Reef - 2 Bedroom Twin,Kingstown Reef Resort,Club Wyndham Kingstown Reef,318.0
238,Kingstown Reef Resort,3,Suite,12,,3,2 Beds,Club Wyndham Kingstown Reef - 2 Bedroom Suite,Kingstown Reef Resort,Club Wyndham Kingstown Reef,318.0
251,Indio Resort,1,Standard,12,,2,1 Bed,Club Wyndham Indio - 1 Bedroom,Indio Resort,Club Wyndham Indio,109.0
251,Indio Resort,1,Standard,12,,3,2 Beds,Club Wyndham Indio - 2 Bedroom,Indio Resort,Club Wyndham Indio,109.0
251,Indio Resort,1,Standard,12,,4,3 Beds,Club Wyndham Indio - 3 Bedroom,Indio Resort,Club Wyndham Indio,109.0
258,Bison Ranch Resort,1,Standard,12,,3,2 Beds,Club Wyndham Bison Ranch - 2 Bedroom,Bison Ranch Resort,Club Wyndham Bison Ranch,106.0
259,Grand Palms Resort,1,Standard,12,,1,Studio,Club Wyndham Grand Palms - Studio,Grand Palms Resort,Club Wyndham Grand Palms,287.0
259,Grand Palms Resort,1,Standard,12,,2,1 Bed,Club Wyndham Grand Palms - 1 Bedroom,Grand Palms Resort,Club Wyndham Grand Palms,287.0
259,Grand Palms Resort,1,Standard,12,,3,2 Beds,Club Wyndham Grand Palms - 2 Bedroom,Grand Palms Resort,Club Wyndham Grand Palms,287.0
259,Grand Palms Resort,1,Standard,12,,4,3 Beds,Club Wyndham Grand Palms - 3 Bedroom,Grand Palms Resort,Club Wyndham Grand Palms,287.0
260,El Cid Granada Hotel & Country Club,1,Standard,12,,1,Studio,Wyndham El Cid Granada Hotel & Country Club - Studio,El Cid Granada Hotel & Country Club,El Cid Granada Hotel & Country Club,121.0
436,WorldMark Marina Dunes,1,Standard,12,,3,2 Beds,WorldMark Marina Dunes - 2 Bedroom,WorldMark Marina Dunes,WorldMark Marina Dunes,209.0
439,Atlanta Resort,2,Deluxe,12,,1,Studio,Club Wyndham Atlanta - Studio Deluxe,Atlanta Resort,Club Wyndham Atlanta,335.0
439,Atlanta Resort,3,Suite,12,,2,1 Bed,Club Wyndham Atlanta - 1 Bedroom Suite,Atlanta Resort,Club Wyndham Atlanta,335.0
439,Atlanta Resort,2,Deluxe,12,,3,2 Beds,Club Wyndham Atlanta - 2 Bedroom Deluxe,Atlanta Resort,Club Wyndham Atlanta,335.0
465,Kaua'i Beach Villas,3,Suite,12,,2,1 Bed,Club Wyndham Kauai Beach Villas - 1 Bedroom,Kaua'i Beach Villas,Kauai Beach Villas,59.0
465,Kaua'i Beach Villas,2,Deluxe,12,,3,2 Beds,Club Wyndham Kauai Beach Villas - 2 Bedroom Deluxe,Kaua'i Beach Villas,Kauai Beach Villas,59.0
528,Club Wyndham Elysian Beach Resort,2,Deluxe,12,,1,Studio,Club Wyndham Elysian Beach Resort - Studio Parlor,Club Wyndham Elysian Beach Resort,Club Wyndham Elysian Beach Resort,36.0
528,Club Wyndham Elysian Beach Resort,3,Suite,12,,1,Studio,Club Wyndham Elysian Beach Resort - Studio Double,Club Wyndham Elysian Beach Resort,Club Wyndham Elysian Beach Resort,36.0
528,Club Wyndham Elysian Beach Resort,1,Standard,12,,1,Studio,Club Wyndham Elysian Beach Resort - Studio King,Club Wyndham Elysian Beach Resort,Club Wyndham Elysian Beach Resort,36.0
