resort_id,check_in,check_out,resort_name,offering_name,unit_type,unit_name,product_id,original_points,current_points,available_count,savings,discount_percentage,extraction_date,fetch_timestamp
69,2025-10-14,2025-10-17,Club Wyndham Lake of the Ozarks,WVR Lake of the Ozarks,1 BEDROOM,1 Bedroom,PI|R000000000110,35400,14160,1,21240,60.0,2025-10-05 15:48:43,2025-10-05T15:35:31.520843
69,2025-10-14,2025-10-17,Club Wyndham Lake of the Ozarks,WVR Lake of the Ozarks,1 BEDROOM,1 Bedroom,PI|R000000000110,35400,14160,1,21240,60.0,2025-10-05 15:48:43,2025-10-05T15:35:56.354197
69,2025-11-22,2025-11-29,Club Wyndham Branson at The Falls,Branson at the Falls,STUDIO,Studio Deluxe,PI|R000000000046,56000,22400,1,33600,60.0,2025-10-05 15:48:43,2025-10-05T15:35:58.523436
69,2025-12-08,2025-12-10,Club Wyndham Mountain Vista,Mountain Vista,1 BEDROOM,1 Bedroom Deluxe,PI|R000000000067,18000,18000,3,0,0.0,2025-10-05 15:48:43,2025-10-05T15:36:00.481344
69,2025-12-08,2025-12-10,Club Wyndham Mountain Vista,Mountain Vista,2 BEDROOM,2 Bedroom Deluxe,PI|R000000000067,30000,30000,9,0,0.0,2025-10-05 15:48:43,2025-10-05T15:36:00.481344
69,2025-12-08,2025-12-10,Club Wyndham Mountain Vista,Mountain Vista,2 BEDROOM,2 Bedroom Lockoff,PI|R000000000067,32000,32000,4,0,0.0,2025-10-05 15:48:43,2025-10-05T15:36:00.481344
69,2025-12-08,2025-12-10,Club Wyndham Mountain Vista,Mountain Vista,3 BEDROOM,3 Bedroom Deluxe,PI|R000000000067,42000,42000,6,0,0.0,2025-10-05 15:48:43,2025-10-05T15:36:00.481344
69,2025-12-08,2025-12-10,Club Wyndham Mountain Vista,Mountain Vista,STUDIO,Studio Deluxe,PI|R000000000067,14000,14000,10,0,0.0,2025-10-05 15:48:43,2025-10-05T15:36:00.481344
69,2025-12-14,2025-12-21,Club Wyndham Mountain Vista,Mountain Vista,STUDIO,Studio Deluxe,PI|R000000000067,54000,54000,8,0,0.0,2025-10-05 15:48:43,2025-10-05T15:36:02.656245
69,2025-12-15,2025-12-19,Club Wyndham Mountain Vista,Mountain Vista,3 BEDROOM,3 Bedroom Deluxe,PI|R000000000067,84000,84000,13,0,0.0,2025-10-05 15:48:43,2025-10-05T15:36:04.708413
69,2025-12-15,2025-12-19,Club Wyndham Mountain Vista,Mountain Vista,STUDIO,Studio Deluxe,PI|R000000000067,28000,28000,8,0,0.0,2025-10-05 15:48:43,2025-10-05T15:36:04.708413
69,2025-12-16,2025-12-20,Club Wyndham Mountain Vista,Mountain Vista,3 BEDROOM,3 Bedroom Deluxe,PI|R000000000067,88500,88500,9,0,0.0,2025-10-05 15:48:43,2025-10-05T15:36:06.674480
69,2025-12-16,2025-12-20,Club Wyndham Mountain Vista,Mountain Vista,STUDIO,Studio Deluxe,PI|R000000000067,30500,30500,8,0,0.0,2025-10-05 15:48:43,2025-10-05T15:36:06.674480
69,2025-12-18,2025-12-22,Club Wyndham Mountain Vista,Mountain Vista,STUDIO,Studio Deluxe,PI|R000000000067,32000,32000,8,0,0.0,2025-10-05 15:48:43,2025-10-05T15:36:08.572246
69,2025-12-19,2025-12-22,Club Wyndham Mountain Vista,Mountain Vista,2 BEDROOM,2 Bedroom Deluxe,PI|R000000000067,45000,45000,17,0,0.0,2025-10-05 15:48:43,2025-10-05T15:36:10.508652
69,2025-12-19,2025-12-22,Club Wyndham Mountain Vista,Mountain Vista,2 BEDROOM,2 Bedroom Lockoff,PI|R000000000067,61000,61000,1,0,0.0,2025-10-05 15:48:43,2025-10-05T15:36:10.508652
69,2025-12-19,2025-12-22,Club Wyndham Mountain Vista,Mountain Vista,STUDIO,Studio Deluxe,PI|R000000000067,25000,25000,10,0,0.0,2025-10-05 15:48:43,2025-10-05T15:36:10.508652
69,2025-12-19,2025-12-24,Club Wyndham Mountain Vista,Mountain Vista,2 BEDROOM,2 Bedroom Deluxe,PI|R000000000067,61000,61000,17,0,0.0,2025-10-05 15:48:43,2025-10-05T15:36:12.482695
69,2025-12-19,2025-12-24,Club Wyndham Mountain Vista,Mountain Vista,2 BEDROOM,2 Bedroom Lockoff,PI|R000000000067,88000,88000,1,0,0.0,2025-10-05 15:48:43,2025-10-05T15:36:12.482695
69,2025-12-19,2025-12-24,Club Wyndham Mountain Vista,Mountain Vista,STUDIO,Studio Deluxe,PI|R000000000067,37000,37000,7,0,0.0,2025-10-05 15:48:43,2025-10-05T15:36:12.482695
69,2025-12-19,2025-12-26,Club Wyndham Mountain Vista,Mountain Vista,2 BEDROOM,2 Bedroom Deluxe,PI|R000000000067,77000,77000,17,0,0.0,2025-10-05 15:48:43,2025-10-05T15:36:14.449660
69,2025-12-19,2025-12-26,Club Wyndham Mountain Vista,Mountain Vista,2 BEDROOM,2 Bedroom Lockoff,PI|R000000000067,115000,115000,1,0,0.0,2025-10-05 15:48:43,2025-10-05T15:36:14.449660
69,2025-12-19,2025-12-26,Club Wyndham Mountain Vista,Mountain Vista,STUDIO,Studio Deluxe,PI|R000000000067,49000,49000,7,0,0.0,2025-10-05 15:48:43,2025-10-05T15:36:14.449660
69,2025-12-20,2025-12-23,Club Wyndham Mountain Vista,Mountain Vista,1 BEDROOM,1 Bedroom Deluxe,PI|R000000000067,29250,29250,5,0,0.0,2025-10-05 15:48:43,2025-10-05T15:36:18.455257
69,2025-12-20,2025-12-23,Club Wyndham Mountain Vista,Mountain Vista,2 BEDROOM,2 Bedroom Deluxe,PI|R000000000067,34500,34500,27,0,0.0,2025-10-05 15:48:43,2025-10-05T15:36:18.455257
69,2025-12-20,2025-12-23,Club Wyndham Mountain Vista,Mountain Vista,2 BEDROOM,2 Bedroom Lockoff,PI|R000000000067,50750,50750,7,0,0.0,2025-10-05 15:48:43,2025-10-05T15:36:18.455257
69,2025-12-20,2025-12-23,Club Wyndham Mountain Vista,Mountain Vista,STUDIO,Studio Deluxe,PI|R000000000067,21500,21500,10,0,0.0,2025-10-05 15:48:43,2025-10-05T15:36:18.455257
69,2025-12-20,2025-12-24,Club Wyndham Mountain Vista,Mountain Vista,1 BEDROOM,1 Bedroom Deluxe,PI|R000000000067,36750,36750,4,0,0.0,2025-10-05 15:48:43,2025-10-05T15:36:16.506375
69,2025-12-20,2025-12-24,Club Wyndham Mountain Vista,Mountain Vista,2 BEDROOM,2 Bedroom Deluxe,PI|R000000000067,42500,42500,27,0,0.0,2025-10-05 15:48:43,2025-10-05T15:36:16.506375
69,2025-12-20,2025-12-24,Club Wyndham Mountain Vista,Mountain Vista,2 BEDROOM,2 Bedroom Lockoff,PI|R000000000067,64250,64250,6,0,0.0,2025-10-05 15:48:43,2025-10-05T15:36:16.506375
69,2025-12-20,2025-12-24,Club Wyndham Mountain Vista,Mountain Vista,STUDIO,Studio Deluxe,PI|R000000000067,27500,27500,7,0,0.0,2025-10-05 15:48:43,2025-10-05T15:36:16.506375
69,2025-12-21,2025-12-24,Club Wyndham Mountain Vista,Mountain Vista,1 BEDROOM,1 Bedroom Deluxe,PI|R000000000067,22500,22500,4,0,0.0,2025-10-05 15:48:43,2025-10-05T15:36:20.471436
69,2025-12-21,2025-12-24,Club Wyndham Mountain Vista,Mountain Vista,2 BEDROOM,2 Bedroom Deluxe,PI|R000000000067,24000,24000,27,0,0.0,2025-10-05 15:48:43,2025-10-05T15:36:20.471436
69,2025-12-21,2025-12-24,Club Wyndham Mountain Vista,Mountain Vista,2 BEDROOM,2 Bedroom Lockoff,PI|R000000000067,40500,40500,6,0,0.0,2025-10-05 15:48:43,2025-10-05T15:36:20.471436
69,2025-12-21,2025-12-24,Club Wyndham Mountain Vista,Mountain Vista,3 BEDROOM,3 Bedroom Deluxe,PI|R000000000067,45000,45000,2,0,0.0,2025-10-05 15:48:43,2025-10-05T15:36:20.471436
69,2025-12-21,2025-12-24,Club Wyndham Mountain Vista,Mountain Vista,STUDIO,Studio Deluxe,PI|R000000000067,18000,18000,7,0,0.0,2025-10-05 15:48:43,2025-10-05T15:36:20.471436
69,2025-12-21,2025-12-26,Club Wyndham Mountain Vista,Mountain Vista,1 BEDROOM,1 Bedroom Deluxe,PI|R000000000067,37500,37500,4,0,0.0,2025-10-05 15:48:43,2025-10-05T15:36:22.554442
69,2025-12-21,2025-12-26,Club Wyndham Mountain Vista,Mountain Vista,2 BEDROOM,2 Bedroom Deluxe,PI|R000000000067,40000,40000,25,0,0.0,2025-10-05 15:48:43,2025-10-05T15:36:22.554442
69,2025-12-21,2025-12-26,Club Wyndham Mountain Vista,Mountain Vista,2 BEDROOM,2 Bedroom Lockoff,PI|R000000000067,67500,67500,6,0,0.0,2025-10-05 15:48:43,2025-10-05T15:36:22.554442
69,2025-12-21,2025-12-26,Club Wyndham Mountain Vista,Mountain Vista,3 BEDROOM,3 Bedroom Deluxe,PI|R000000000067,75000,75000,2,0,0.0,2025-10-05 15:48:43,2025-10-05T15:36:22.554442
69,2025-12-21,2025-12-26,Club Wyndham Mountain Vista,Mountain Vista,STUDIO,Studio Deluxe,PI|R000000000067,30000,30000,7,0,0.0,2025-10-05 15:48:43,2025-10-05T15:36:22.554442
70,2025-11-24,2025-12-01,Club Wyndham Cypress Palms,Cypress Palms,1 BEDROOM,1 Bedroom,PI|R000000000049,94500,37800,1,56700,60.0,2025-10-05 15:48:43,2025-10-05T15:36:25.509334
70,2025-11-27,2025-12-01,Club Wyndham Cypress Palms,Cypress Palms,1 BEDROOM,1 Bedroom,PI|R000000000049,63000,25200,1,37800,60.0,2025-10-05 15:48:43,2025-10-05T15:36:28.339733
70,2025-12-04,2025-12-08,Club Wyndham Ocean Walk,Ocean Walk,1 BEDROOM,1 Bedroom,PI|R000000000005,64500,25800,7,38700,60.0,2025-10-05 15:48:43,2025-10-05T15:36:30.672411
70,2025-12-04,2025-12-08,Club Wyndham Ocean Walk,Ocean Walk,1 BEDROOM,1 Bedroom Deluxe,PI|R000000000005,70000,28000,17,42000,60.0,2025-10-05 15:48:43,2025-10-05T15:36:30.672411
70,2025-12-04,2025-12-08,Club Wyndham Ocean Walk,Ocean Walk,1 BEDROOM,1 Bedroom Suite,PI|R000000000005,54000,21600,29,32400,60.0,2025-10-05 15:48:43,2025-10-05T15:36:30.672411
70,2025-12-04,2025-12-08,Club Wyndham Ocean Walk,Ocean Walk,2 BEDROOM,2 Bedroom Deluxe,PI|R000000000005,103500,41400,26,62100,60.0,2025-10-05 15:48:43,2025-10-05T15:36:30.672411
70,2025-12-04,2025-12-08,Club Wyndham Ocean Walk,Ocean Walk,2 BEDROOM,2 Bedroom Deluxe Lockoff,PI|R000000000005,134500,53800,7,80700,60.0,2025-10-05 15:48:43,2025-10-05T15:36:30.672411
70,2025-12-04,2025-12-08,Club Wyndham Ocean Walk,Ocean Walk,2 BEDROOM,2 Bedroom Lockoff,PI|R000000000005,124000,49600,27,74400,60.0,2025-10-05 15:48:43,2025-10-05T15:36:30.672411
70,2025-12-04,2025-12-08,Club Wyndham Ocean Walk,Ocean Walk,3 BEDROOM,3 Bedroom Deluxe,PI|R000000000005,126600,50640,5,75960,60.0,2025-10-05 15:48:43,2025-10-05T15:36:30.672411
70,2025-12-08,2025-12-12,Club Wyndham Ocean Walk,Ocean Walk,1 BEDROOM,1 Bedroom,PI|R000000000005,42000,42000,8,0,0.0,2025-10-05 15:48:43,2025-10-05T15:36:32.831802
70,2025-12-08,2025-12-12,Club Wyndham Ocean Walk,Ocean Walk,1 BEDROOM,1 Bedroom Deluxe,PI|R000000000005,48000,48000,15,0,0.0,2025-10-05 15:48:43,2025-10-05T15:36:32.831802
70,2025-12-08,2025-12-12,Club Wyndham Ocean Walk,Ocean Walk,1 BEDROOM,1 Bedroom Suite,PI|R000000000005,32000,32000,32,0,0.0,2025-10-05 15:48:43,2025-10-05T15:36:32.831802
70,2025-12-08,2025-12-12,Club Wyndham Ocean Walk,Ocean Walk,2 BEDROOM,2 Bedroom Deluxe,PI|R000000000005,72000,72000,38,0,0.0,2025-10-05 15:48:43,2025-10-05T15:36:32.831802
70,2025-12-08,2025-12-12,Club Wyndham Ocean Walk,Ocean Walk,2 BEDROOM,2 Bedroom Deluxe Lockoff,PI|R000000000005,90000,90000,8,0,0.0,2025-10-05 15:48:43,2025-10-05T15:36:32.831802
70,2025-12-08,2025-12-12,Club Wyndham Ocean Walk,Ocean Walk,2 BEDROOM,2 Bedroom Lockoff,PI|R000000000005,80000,80000,28,0,0.0,2025-10-05 15:48:43,2025-10-05T15:36:32.831802
70,2025-12-08,2025-12-12,Club Wyndham Ocean Walk,Ocean Walk,3 BEDROOM,3 Bedroom Deluxe,PI|R000000000005,90400,90400,8,0,0.0,2025-10-05 15:48:43,2025-10-05T15:36:32.831802
70,2025-12-14,2025-12-17,Club Wyndham Ocean Walk,Ocean Walk,1 BEDROOM,1 Bedroom,PI|R000000000005,31500,31500,11,0,0.0,2025-10-05 15:48:43,2025-10-05T15:36:34.849971
70,2025-12-14,2025-12-17,Club Wyndham Ocean Walk,Ocean Walk,1 BEDROOM,1 Bedroom Deluxe,PI|R000000000005,36000,36000,28,0,0.0,2025-10-05 15:48:43,2025-10-05T15:36:34.849971
70,2025-12-14,2025-12-17,Club Wyndham Ocean Walk,Ocean Walk,1 BEDROOM,1 Bedroom Suite,PI|R000000000005,24000,24000,39,0,0.0,2025-10-05 15:48:43,2025-10-05T15:36:34.849971
70,2025-12-14,2025-12-17,Club Wyndham Ocean Walk,Ocean Walk,2 BEDROOM,2 Bedroom Deluxe,PI|R000000000005,54000,54000,64,0,0.0,2025-10-05 15:48:43,2025-10-05T15:36:34.849971
70,2025-12-14,2025-12-17,Club Wyndham Ocean Walk,Ocean Walk,2 BEDROOM,2 Bedroom Deluxe Lockoff,PI|R000000000005,67500,67500,11,0,0.0,2025-10-05 15:48:43,2025-10-05T15:36:34.849971
70,2025-12-14,2025-12-17,Club Wyndham Ocean Walk,Ocean Walk,2 BEDROOM,2 Bedroom Lockoff,PI|R000000000005,60000,60000,24,0,0.0,2025-10-05 15:48:43,2025-10-05T15:36:34.849971
70,2025-12-14,2025-12-17,Club Wyndham Ocean Walk,Ocean Walk,3 BEDROOM,3 Bedroom Deluxe,PI|R000000000005,67800,67800,16,0,0.0,2025-10-05 15:48:43,2025-10-05T15:36:34.849971
70,2025-12-14,2025-12-20,Club Wyndham Ocean Walk,Ocean Walk,1 BEDROOM,1 Bedroom,PI|R000000000005,73500,73500,10,0,0.0,2025-10-05 15:48:43,2025-10-05T15:36:36.905719
70,2025-12-14,2025-12-20,Club Wyndham Ocean Walk,Ocean Walk,1 BEDROOM,1 Bedroom Deluxe,PI|R000000000005,82500,82500,25,0,0.0,2025-10-05 15:48:43,2025-10-05T15:36:36.905719
70,2025-12-14,2025-12-20,Club Wyndham Ocean Walk,Ocean Walk,1 BEDROOM,1 Bedroom Suite,PI|R000000000005,58500,58500,39,0,0.0,2025-10-05 15:48:43,2025-10-05T15:36:36.905719
70,2025-12-14,2025-12-20,Club Wyndham Ocean Walk,Ocean Walk,2 BEDROOM,2 Bedroom Deluxe,PI|R000000000005,122000,122000,63,0,0.0,2025-10-05 15:48:43,2025-10-05T15:36:36.905719
70,2025-12-14,2025-12-20,Club Wyndham Ocean Walk,Ocean Walk,2 BEDROOM,2 Bedroom Deluxe Lockoff,PI|R000000000005,156000,156000,10,0,0.0,2025-10-05 15:48:43,2025-10-05T15:36:36.905719
70,2025-12-14,2025-12-20,Club Wyndham Ocean Walk,Ocean Walk,2 BEDROOM,2 Bedroom Lockoff,PI|R000000000005,141000,141000,24,0,0.0,2025-10-05 15:48:43,2025-10-05T15:36:36.905719
70,2025-12-14,2025-12-20,Club Wyndham Ocean Walk,Ocean Walk,3 BEDROOM,3 Bedroom Deluxe,PI|R000000000005,151000,151000,6,0,0.0,2025-10-05 15:48:43,2025-10-05T15:36:36.905719
70,2025-12-30,2026-01-02,Club Wyndham Emerald Grande at Destin,Emerald Grande,3 BEDROOM,3 Bedroom Deluxe Pool View,PI|R000000000096,117000,117000,1,0,0.0,2025-10-05 15:48:43,2025-10-05T15:36:40.225957
70,2025-12-30,2026-01-02,Club Wyndham Panama City Beach,Panama City Beach,1 BEDROOM,1 Bedroom Deluxe Lower Level,PI|R000000000099,67800,67800,1,0,0.0,2025-10-05 15:48:43,2025-10-05T15:36:40.225957
70,2025-12-30,2026-01-02,Club Wyndham Panama City Beach,Panama City Beach,1 BEDROOM,1 Bedroom Deluxe Upper Level,PI|R000000000099,78000,78000,11,0,0.0,2025-10-05 15:48:43,2025-10-05T15:36:40.225957
70,2025-12-30,2026-01-02,Club Wyndham Panama City Beach,Panama City Beach,1 BEDROOM,1 Bedroom Upper Level,PI|R000000000099,67800,67800,11,0,0.0,2025-10-05 15:48:43,2025-10-05T15:36:40.225957
70,2025-12-30,2026-01-02,Club Wyndham Panama City Beach,Panama City Beach,2 BEDROOM,2 Bedroom Deluxe Upper Level,PI|R000000000099,99000,99000,1,0,0.0,2025-10-05 15:48:43,2025-10-05T15:36:40.225957
70,2025-12-30,2026-01-02,Club Wyndham Panama City Beach,Panama City Beach Presidential Reserve,2 BEDROOM,2 Bedroom Presidential (Presidential Reserve),PI|R000000000099,126000,126000,1,0,0.0,2025-10-05 15:48:43,2025-10-05T15:36:40.225957
70,2025-12-31,2026-01-08,Club Wyndham Ocean Walk,Ocean Walk,1 BEDROOM,1 Bedroom Suite,PI|R000000000005,93000,93000,5,0,0.0,2025-10-05 15:48:43,2025-10-05T15:36:42.261803
70,2025-12-31,2026-01-08,Club Wyndham Ocean Walk,Ocean Walk,2 BEDROOM,2 Bedroom Deluxe,PI|R000000000005,200000,200000,7,0,0.0,2025-10-05 15:48:43,2025-10-05T15:36:42.261803
70,2026-01-04,2026-01-08,Club Wyndham Ocean Walk,Ocean Walk,1 BEDROOM,1 Bedroom,PI|R000000000005,48000,48000,9,0,0.0,2025-10-05 15:48:43,2025-10-05T15:36:44.395663
70,2026-01-04,2026-01-08,Club Wyndham Ocean Walk,Ocean Walk,1 BEDROOM,1 Bedroom Deluxe,PI|R000000000005,52000,52000,28,0,0.0,2025-10-05 15:48:43,2025-10-05T15:36:44.395663
70,2026-01-04,2026-01-08,Club Wyndham Ocean Walk,Ocean Walk,1 BEDROOM,1 Bedroom Suite,PI|R000000000005,36000,36000,39,0,0.0,2025-10-05 15:48:43,2025-10-05T15:36:44.395663
70,2026-01-04,2026-01-08,Club Wyndham Ocean Walk,Ocean Walk,2 BEDROOM,2 Bedroom Deluxe,PI|R000000000005,86000,86000,29,0,0.0,2025-10-05 15:48:43,2025-10-05T15:36:44.395663
70,2026-01-04,2026-01-08,Club Wyndham Ocean Walk,Ocean Walk,2 BEDROOM,2 Bedroom Deluxe Lockoff,PI|R000000000005,100000,100000,9,0,0.0,2025-10-05 15:48:43,2025-10-05T15:36:44.395663
70,2026-01-04,2026-01-08,Club Wyndham Ocean Walk,Ocean Walk,2 BEDROOM,2 Bedroom Lockoff,PI|R000000000005,88000,88000,28,0,0.0,2025-10-05 15:48:43,2025-10-05T15:36:44.395663
70,2026-01-04,2026-01-08,Club Wyndham Ocean Walk,Ocean Walk,3 BEDROOM,3 Bedroom Deluxe,PI|R000000000005,112000,112000,23,0,0.0,2025-10-05 15:48:43,2025-10-05T15:36:44.395663
70,2026-01-20,2026-02-02,Club Wyndham Ocean Walk,Ocean Walk,1 BEDROOM,1 Bedroom Deluxe,PI|R000000000005,201000,201000,1,0,0.0,2025-10-05 15:48:43,2025-10-05T15:36:48.779883
70,2026-01-20,2026-02-02,Club Wyndham Ocean Walk,Ocean Walk,1 BEDROOM,1 Bedroom Suite,PI|R000000000005,149000,149000,26,0,0.0,2025-10-05 15:48:43,2025-10-05T15:36:48.779883
70,2026-01-20,2026-02-02,Club Wyndham Ocean Walk,Ocean Walk,2 BEDROOM,2 Bedroom Lockoff,PI|R000000000005,350000,350000,1,0,0.0,2025-10-05 15:48:43,2025-10-05T15:36:48.779883
70,2026-01-23,2026-01-25,Club Wyndham Ocean Walk,Ocean Walk,1 BEDROOM,1 Bedroom,PI|R000000000005,42000,42000,8,0,0.0,2025-10-05 15:48:43,2025-10-05T15:36:50.858396
70,2026-01-23,2026-01-25,Club Wyndham Ocean Walk,Ocean Walk,1 BEDROOM,1 Bedroom Deluxe,PI|R000000000005,45000,45000,10,0,0.0,2025-10-05 15:48:43,2025-10-05T15:36:50.858396
70,2026-01-23,2026-01-25,Club Wyndham Ocean Walk,Ocean Walk,1 BEDROOM,1 Bedroom Suite,PI|R000000000005,37000,37000,26,0,0.0,2025-10-05 15:48:43,2025-10-05T15:36:50.858396
70,2026-01-23,2026-01-25,Club Wyndham Ocean Walk,Ocean Walk,2 BEDROOM,2 Bedroom Deluxe Lockoff,PI|R000000000005,87000,87000,1,0,0.0,2025-10-05 15:48:43,2025-10-05T15:36:50.858396
70,2026-01-23,2026-01-25,Club Wyndham Ocean Walk,Ocean Walk,2 BEDROOM,2 Bedroom Lockoff,PI|R000000000005,82000,82000,10,0,0.0,2025-10-05 15:48:43,2025-10-05T15:36:50.858396
70,2026-02-07,2026-02-10,Club Wyndham Ocean Walk,Ocean Walk,1 BEDROOM,1 Bedroom,PI|R000000000005,46500,46500,4,0,0.0,2025-10-05 15:48:43,2025-10-05T15:36:52.827801
70,2026-02-07,2026-02-10,Club Wyndham Ocean Walk,Ocean Walk,1 BEDROOM,1 Bedroom Deluxe,PI|R000000000005,49500,49500,4,0,0.0,2025-10-05 15:48:43,2025-10-05T15:36:52.827801
70,2026-02-07,2026-02-10,Club Wyndham Ocean Walk,Ocean Walk,1 BEDROOM,1 Bedroom Suite,PI|R000000000005,37500,37500,32,0,0.0,2025-10-05 15:48:43,2025-10-05T15:36:52.827801
70,2026-02-07,2026-02-10,Club Wyndham Ocean Walk,Ocean Walk,2 BEDROOM,2 Bedroom Deluxe,PI|R000000000005,78500,78500,71,0,0.0,2025-10-05 15:48:43,2025-10-05T15:36:52.827801
70,2026-02-07,2026-02-10,Club Wyndham Ocean Walk,Ocean Walk,2 BEDROOM,2 Bedroom Deluxe Lockoff,PI|R000000000005,96000,96000,2,0,0.0,2025-10-05 15:48:43,2025-10-05T15:36:52.827801
70,2026-02-07,2026-02-10,Club Wyndham Ocean Walk,Ocean Walk,2 BEDROOM,2 Bedroom Lockoff,PI|R000000000005,87000,87000,12,0,0.0,2025-10-05 15:48:43,2025-10-05T15:36:52.827801
70,2026-02-07,2026-02-10,Club Wyndham Ocean Walk,Ocean Walk,3 BEDROOM,3 Bedroom Deluxe,PI|R000000000005,101500,101500,18,0,0.0,2025-10-05 15:48:43,2025-10-05T15:36:52.827801
70,2026-04-08,2026-04-12,Club Wyndham Bonnet Creek,Bonnet Creek,1 BEDROOM,1 Bedroom Deluxe,PI|R000000000045,79000,79000,76,0,0.0,2025-10-05 15:48:43,2025-10-05T15:36:57.761608
70,2026-04-08,2026-04-12,Club Wyndham Bonnet Creek,Bonnet Creek,2 BEDROOM,2 Bedroom Deluxe,PI|R000000000045,101000,101000,313,0,0.0,2025-10-05 15:48:43,2025-10-05T15:36:57.761608
70,2026-04-08,2026-04-12,Club Wyndham Bonnet Creek,Bonnet Creek Presidential Reserve,1 BEDROOM,1 Bedroom Presidential (Presidential Reserve),PI|R000000000045,101000,101000,3,0,0.0,2025-10-05 15:48:43,2025-10-05T15:36:57.761608
70,2026-04-08,2026-04-12,Club Wyndham Cypress Palms,Cypress Palms,1 BEDROOM,1 Bedroom,PI|R000000000049,73000,73000,35,0,0.0,2025-10-05 15:48:43,2025-10-05T15:36:57.761608
70,2026-04-08,2026-04-12,Club Wyndham Cypress Palms,Cypress Palms,1 BEDROOM,1 Bedroom Deluxe,PI|R000000000049,83000,83000,52,0,0.0,2025-10-05 15:48:43,2025-10-05T15:36:57.761608
70,2026-04-08,2026-04-12,Club Wyndham Cypress Palms,Cypress Palms,1 BEDROOM,1 Bedroom Suite,PI|R000000000049,63000,63000,13,0,0.0,2025-10-05 15:48:43,2025-10-05T15:36:57.761608
70,2026-04-08,2026-04-12,Club Wyndham Cypress Palms,Cypress Palms,2 BEDROOM,2 Bedroom Deluxe,PI|R000000000049,112000,112000,55,0,0.0,2025-10-05 15:48:43,2025-10-05T15:36:57.761608
70,2026-04-08,2026-04-12,Club Wyndham Cypress Palms,Cypress Palms,2 BEDROOM,2 Bedroom Deluxe Lockoff,PI|R000000000049,156000,156000,35,0,0.0,2025-10-05 15:48:43,2025-10-05T15:36:57.761608
70,2026-04-08,2026-04-12,Club Wyndham Cypress Palms,Cypress Palms,2 BEDROOM,2 Bedroom Lockoff,PI|R000000000049,146000,146000,13,0,0.0,2025-10-05 15:48:43,2025-10-05T15:36:57.761608
70,2026-04-08,2026-04-12,Club Wyndham Kingstown Reef,Kingstown Reef Presidential Reserve,1 BEDROOM,1 Bedroom Presidential (Presidential Reserve),PI|R000000000318,208000,208000,1,0,0.0,2025-10-05 15:48:43,2025-10-05T15:36:57.761608
70,2026-04-08,2026-04-12,Club Wyndham Kingstown Reef,Kingstown Reef Presidential Reserve,2 BEDROOM,2 Bedroom Presidential (Presidential Reserve),PI|R000000000318,272000,272000,3,0,0.0,2025-10-05 15:48:43,2025-10-05T15:36:57.761608
70,2026-04-08,2026-04-12,Club Wyndham Kingstown Reef,Kingstown Reef Presidential Reserve,3 BEDROOM,3 Bedroom Presidential (Presidential Reserve),PI|R000000000318,320000,320000,2,0,0.0,2025-10-05 15:48:43,2025-10-05T15:36:57.761608
70,2026-04-08,2026-04-12,Club Wyndham Kingstown Reef,Kingstown Reef Presidential Reserve,4 BEDROOM,4 Bedroom Presidential (Presidential Reserve),PI|R000000000318,384000,384000,1,0,0.0,2025-10-05 15:48:43,2025-10-05T15:36:57.761608
70,2026-04-08,2026-04-12,Club Wyndham Reunion,Reunion,3 BEDROOM,3 Bedroom Deluxe,PI|R000000000100,133000,133000,44,0,0.0,2025-10-05 15:48:43,2025-10-05T15:36:57.761608
70,2026-04-08,2026-04-12,WorldMark Kingstown Reef,WbW Kingstown Reef,1 BEDROOM,1 Bedroom Deluxe,PI|R000000000214,106000,106000,1,0,0.0,2025-10-05 15:48:43,2025-10-05T15:36:57.761608
70,2026-04-08,2026-04-12,WorldMark Kingstown Reef,WbW Kingstown Reef,2 BEDROOM,2 Bedroom Deluxe,PI|R000000000214,127000,127000,6,0,0.0,2025-10-05 15:48:43,2025-10-05T15:36:57.761608
70,2026-04-08,2026-04-12,WorldMark Kingstown Reef,WbW Kingstown Reef,2 BEDROOM,2 Bedroom Deluxe - Communication ,PI|R000000000214,127000,127000,3,0,0.0,2025-10-05 15:48:43,2025-10-05T15:36:57.761608
70,2026-04-08,2026-04-12,WorldMark Kingstown Reef,WbW Kingstown Reef,2 BEDROOM,2 Bedroom Double Beds,PI|R000000000214,117000,117000,1,0,0.0,2025-10-05 15:48:43,2025-10-05T15:36:57.761608
70,2026-04-08,2026-04-12,WorldMark Kingstown Reef,WbW Kingstown Reef,2 BEDROOM,2 Bedroom Twin,PI|R000000000214,117000,117000,5,0,0.0,2025-10-05 15:48:43,2025-10-05T15:36:57.761608
70,2026-04-08,2026-04-12,WorldMark Kingstown Reef,WbW Kingstown Reef,STUDIO,Studio Deluxe,PI|R000000000214,86000,86000,16,0,0.0,2025-10-05 15:48:43,2025-10-05T15:36:57.761608
70,2026-04-08,2026-04-12,WorldMark Reunion,WbW Reunion,3 BEDROOM,3 Bedroom Deluxe,PI|R000000000261,179000,179000,56,0,0.0,2025-10-05 15:48:43,2025-10-05T15:36:57.761608
70,2026-04-08,2026-04-12,WorldMark Reunion,WbW Reunion,3 BEDROOM,3 Bedroom Deluxe - Communication ,PI|R000000000261,179000,179000,3,0,0.0,2025-10-05 15:48:43,2025-10-05T15:36:57.761608
70,2026-04-09,2026-04-12,Club Wyndham Bonnet Creek,Bonnet Creek,1 BEDROOM,1 Bedroom Deluxe,PI|R000000000045,59000,59000,80,0,0.0,2025-10-05 15:48:43,2025-10-05T15:37:01.178857
70,2026-04-09,2026-04-12,Club Wyndham Bonnet Creek,Bonnet Creek,2 BEDROOM,2 Bedroom Deluxe,PI|R000000000045,74000,74000,331,0,0.0,2025-10-05 15:48:43,2025-10-05T15:37:01.178857
70,2026-04-09,2026-04-12,Club Wyndham Bonnet Creek,Bonnet Creek Presidential Reserve,1 BEDROOM,1 Bedroom Presidential (Presidential Reserve),PI|R000000000045,74000,74000,4,0,0.0,2025-10-05 15:48:43,2025-10-05T15:37:01.178857
70,2026-04-09,2026-04-12,Club Wyndham Bonnet Creek,Bonnet Creek Presidential Reserve,2 BEDROOM,2 Bedroom Presidential (Presidential Reserve),PI|R000000000045,106000,106000,1,0,0.0,2025-10-05 15:48:43,2025-10-05T15:37:01.178857
70,2026-04-09,2026-04-12,Club Wyndham Cypress Palms,Cypress Palms,1 BEDROOM,1 Bedroom,PI|R000000000049,60000,60000,35,0,0.0,2025-10-05 15:48:43,2025-10-05T15:37:01.178857
70,2026-04-09,2026-04-12,Club Wyndham Cypress Palms,Cypress Palms,1 BEDROOM,1 Bedroom Deluxe,PI|R000000000049,68000,68000,52,0,0.0,2025-10-05 15:48:43,2025-10-05T15:37:01.178857
70,2026-04-09,2026-04-12,Club Wyndham Cypress Palms,Cypress Palms,1 BEDROOM,1 Bedroom Suite,PI|R000000000049,52500,52500,14,0,0.0,2025-10-05 15:48:43,2025-10-05T15:37:01.178857
70,2026-04-09,2026-04-12,Club Wyndham Cypress Palms,Cypress Palms,2 BEDROOM,2 Bedroom Deluxe,PI|R000000000049,91000,91000,55,0,0.0,2025-10-05 15:48:43,2025-10-05T15:37:01.178857
70,2026-04-09,2026-04-12,Club Wyndham Cypress Palms,Cypress Palms,2 BEDROOM,2 Bedroom Deluxe Lockoff,PI|R000000000049,128000,128000,35,0,0.0,2025-10-05 15:48:43,2025-10-05T15:37:01.178857
70,2026-04-09,2026-04-12,Club Wyndham Cypress Palms,Cypress Palms,2 BEDROOM,2 Bedroom Lockoff,PI|R000000000049,120500,120500,14,0,0.0,2025-10-05 15:48:43,2025-10-05T15:37:01.178857
70,2026-04-09,2026-04-12,Club Wyndham Kingstown Reef,Kingstown Reef Presidential Reserve,1 BEDROOM,1 Bedroom Presidential (Presidential Reserve),PI|R000000000318,169000,169000,1,0,0.0,2025-10-05 15:48:43,2025-10-05T15:37:01.178857
70,2026-04-09,2026-04-12,Club Wyndham Kingstown Reef,Kingstown Reef Presidential Reserve,2 BEDROOM,2 Bedroom Presidential (Presidential Reserve),PI|R000000000318,221000,221000,3,0,0.0,2025-10-05 15:48:43,2025-10-05T15:37:01.178857
70,2026-04-09,2026-04-12,Club Wyndham Kingstown Reef,Kingstown Reef Presidential Reserve,3 BEDROOM,3 Bedroom Presidential (Presidential Reserve),PI|R000000000318,260000,260000,2,0,0.0,2025-10-05 15:48:43,2025-10-05T15:37:01.178857
70,2026-04-09,2026-04-12,Club Wyndham Kingstown Reef,Kingstown Reef Presidential Reserve,4 BEDROOM,4 Bedroom Presidential (Presidential Reserve),PI|R000000000318,312000,312000,1,0,0.0,2025-10-05 15:48:43,2025-10-05T15:37:01.178857
70,2026-04-09,2026-04-12,Club Wyndham Reunion,Reunion,3 BEDROOM,3 Bedroom Deluxe,PI|R000000000100,99000,99000,45,0,0.0,2025-10-05 15:48:43,2025-10-05T15:37:01.178857
70,2026-04-09,2026-04-12,WorldMark Kingstown Reef,WbW Kingstown Reef,1 BEDROOM,1 Bedroom,PI|R000000000214,78000,78000,1,0,0.0,2025-10-05 15:48:43,2025-10-05T15:37:01.178857
70,2026-04-09,2026-04-12,WorldMark Kingstown Reef,WbW Kingstown Reef,1 BEDROOM,1 Bedroom Deluxe,PI|R000000000214,86000,86000,1,0,0.0,2025-10-05 15:48:43,2025-10-05T15:37:01.178857
70,2026-04-09,2026-04-12,WorldMark Kingstown Reef,WbW Kingstown Reef,2 BEDROOM,2 Bedroom Deluxe,PI|R000000000214,103000,103000,6,0,0.0,2025-10-05 15:48:43,2025-10-05T15:37:01.178857
70,2026-04-09,2026-04-12,WorldMark Kingstown Reef,WbW Kingstown Reef,2 BEDROOM,2 Bedroom Deluxe - Communication ,PI|R000000000214,103000,103000,3,0,0.0,2025-10-05 15:48:43,2025-10-05T15:37:01.178857
70,2026-04-09,2026-04-12,WorldMark Kingstown Reef,WbW Kingstown Reef,2 BEDROOM,2 Bedroom Double Beds,PI|R000000000214,95000,95000,1,0,0.0,2025-10-05 15:48:43,2025-10-05T15:37:01.178857
70,2026-04-09,2026-04-12,WorldMark Kingstown Reef,WbW Kingstown Reef,2 BEDROOM,2 Bedroom Twin,PI|R000000000214,95000,95000,5,0,0.0,2025-10-05 15:48:43,2025-10-05T15:37:01.178857
70,2026-04-09,2026-04-12,WorldMark Kingstown Reef,WbW Kingstown Reef,STUDIO,Studio Deluxe,PI|R000000000214,70000,70000,16,0,0.0,2025-10-05 15:48:43,2025-10-05T15:37:01.178857
70,2026-04-09,2026-04-12,WorldMark Reunion,WbW Reunion,3 BEDROOM,3 Bedroom Deluxe,PI|R000000000261,145500,145500,56,0,0.0,2025-10-05 15:48:43,2025-10-05T15:37:01.178857
70,2026-04-09,2026-04-12,WorldMark Reunion,WbW Reunion,3 BEDROOM,3 Bedroom Deluxe - Communication ,PI|R000000000261,145500,145500,3,0,0.0,2025-10-05 15:48:43,2025-10-05T15:37:01.178857
72,2026-01-28,2026-02-01,Club Wyndham Smugglers' Notch Vermont®,"Aspens, Sycamores, Balsams",1 BEDROOM,1 Bedroom Deluxe,PI|R000000000019,119000,119000,1,0,0.0,2025-10-05 15:48:43,2025-10-05T15:37:03.508151
72,2026-01-28,2026-02-01,Club Wyndham Smugglers' Notch Vermont®,"Aspens, Sycamores, Balsams",2 BEDROOM,2 Bedroom Deluxe,PI|R000000000019,143000,143000,1,0,0.0,2025-10-05 15:48:43,2025-10-05T15:37:03.508151
72,2026-01-28,2026-02-01,Club Wyndham Smugglers' Notch Vermont®,"Aspens, Sycamores, Balsams",3 BEDROOM,3 Bedroom Deluxe,PI|R000000000019,200000,200000,1,0,0.0,2025-10-05 15:48:43,2025-10-05T15:37:03.508151
72,2026-01-28,2026-02-01,Club Wyndham Smugglers' Notch Vermont®,Mountain Laurels,1 BEDROOM,1 Bedroom Deluxe,PI|R000000000019,119000,119000,1,0,0.0,2025-10-05 15:48:43,2025-10-05T15:37:03.508151
72,2026-01-28,2026-02-01,Club Wyndham Smugglers' Notch Vermont®,Owls Presidential Reserve,2 BEDROOM,2 Bedroom Presidential (Presidential Reserve),PI|R000000000019,256000,256000,2,0,0.0,2025-10-05 15:48:43,2025-10-05T15:37:03.508151
72,2026-01-28,2026-02-01,Club Wyndham Smugglers' Notch Vermont®,"Pines, Maples, Birches, Nordland",2 BEDROOM,2 Bedroom,PI|R000000000019,119000,119000,2,0,0.0,2025-10-05 15:48:43,2025-10-05T15:37:03.508151
72,2026-01-28,2026-02-01,Club Wyndham Smugglers' Notch Vermont®,"Tamaracks, Owls, Kestrels",2 BEDROOM,2 Bedroom Deluxe,PI|R000000000019,143000,143000,5,0,0.0,2025-10-05 15:48:43,2025-10-05T15:37:03.508151
72,2026-01-28,2026-02-01,Club Wyndham Smugglers' Notch Vermont®,"Tamaracks, Owls, Kestrels",3 BEDROOM,3 Bedroom Deluxe,PI|R000000000019,200000,200000,3,0,0.0,2025-10-05 15:48:43,2025-10-05T15:37:03.508151
72,2026-01-28,2026-02-01,Club Wyndham Smugglers' Notch Vermont®,"Tamaracks, Owls, Kestrels",3 BEDROOM,3 Bedroom Presidential,PI|R000000000019,288000,288000,10,0,0.0,2025-10-05 15:48:43,2025-10-05T15:37:03.508151
72,2026-01-28,2026-02-01,Club Wyndham Smugglers' Notch Vermont®,"Tamaracks, Owls, Kestrels",3 BEDROOM,3 Bedroom Suite,PI|R000000000019,224000,224000,4,0,0.0,2025-10-05 15:48:43,2025-10-05T15:37:03.508151
72,2026-01-28,2026-02-01,Club Wyndham Smugglers' Notch Vermont®,"Willows, Evergreens, Oaks, Commons & Villmarksauna",2 BEDROOM,2 Bedroom,PI|R000000000019,100000,100000,1,0,0.0,2025-10-05 15:48:43,2025-10-05T15:37:03.508151
72,2026-02-13,2026-02-22,Club Wyndham National Harbor,National Harbor,2 BEDROOM,2 Bedroom Deluxe with Balcony,PI|R000000000095,334000,334000,28,0,0.0,2025-10-05 15:48:43,2025-10-05T15:37:07.597023
72,2026-02-13,2026-02-22,Club Wyndham Bay Voyage Inn,Bay Voyage Inn,1 BEDROOM,1 Bedroom Suite,PI|R000000000043,84000,84000,4,0,0.0,2025-10-05 15:48:43,2025-10-05T15:37:07.597023
72,2026-02-13,2026-02-22,Club Wyndham Bay Voyage Inn,Bay Voyage Inn,1 BEDROOM,1 Bedroom Suite Deluxe,PI|R000000000043,98000,98000,2,0,0.0,2025-10-05 15:48:43,2025-10-05T15:37:07.597023
72,2026-02-13,2026-02-22,Club Wyndham Midtown 45,Midtown 45,1 BEDROOM,1 Bedroom Deluxe,PI|R000000000167,630000,630000,28,0,0.0,2025-10-05 15:48:43,2025-10-05T15:37:07.597023
72,2026-02-13,2026-02-22,Club Wyndham Midtown 45,Midtown 45,HOTEL ROOM,Hotel Room,PI|R000000000167,385000,385000,40,0,0.0,2025-10-05 15:48:43,2025-10-05T15:37:07.597023
72,2026-02-13,2026-02-22,Club Wyndham Midtown 45,Midtown 45,HOTEL ROOM,Hotel Room Double,PI|R000000000167,385000,385000,7,0,0.0,2025-10-05 15:48:43,2025-10-05T15:37:07.597023
72,2026-02-13,2026-02-22,Club Wyndham Midtown 45,Midtown 45,STUDIO,Studio,PI|R000000000167,490000,490000,38,0,0.0,2025-10-05 15:48:43,2025-10-05T15:37:07.597023
72,2026-02-13,2026-02-22,Club Wyndham Midtown 45,Midtown 45 Presidential Reserve,1 BEDROOM,1 Bedroom Presidential (Presidential Reserve),PI|R000000000167,770000,770000,16,0,0.0,2025-10-05 15:48:43,2025-10-05T15:37:07.597023
72,2026-02-13,2026-02-22,Club Wyndham Midtown 45,Midtown 45 Presidential Reserve,2 BEDROOM,2 Bedroom Presidential (Presidential Reserve),PI|R000000000167,980000,980000,8,0,0.0,2025-10-05 15:48:43,2025-10-05T15:37:07.597023
72,2026-02-13,2026-02-22,Club Wyndham Skyline Tower,Skyline Tower,1 BEDROOM,1 Bedroom Deluxe,PI|R000000000016,177000,177000,38,0,0.0,2025-10-05 15:48:43,2025-10-05T15:37:07.597023
72,2026-02-13,2026-02-22,Club Wyndham Skyline Tower,Skyline Tower,1 BEDROOM,1 Bedroom Suite,PI|R000000000016,136500,136500,47,0,0.0,2025-10-05 15:48:43,2025-10-05T15:37:07.597023
72,2026-02-13,2026-02-22,Club Wyndham Skyline Tower,Skyline Tower,2 BEDROOM,2 Bedroom Deluxe,PI|R000000000016,249500,249500,19,0,0.0,2025-10-05 15:48:43,2025-10-05T15:37:07.597023
72,2026-02-13,2026-02-22,Club Wyndham Shawnee Village,Crestview,2 BEDROOM,2 Bedroom Deluxe,PI|R000000000101,286000,286000,4,0,0.0,2025-10-05 15:48:43,2025-10-05T15:37:07.597023
72,2026-02-13,2026-02-22,Club Wyndham Shawnee Village,Depuy,2 BEDROOM,2 Bedroom,PI|R000000000101,221500,221500,14,0,0.0,2025-10-05 15:48:43,2025-10-05T15:37:07.597023
72,2026-02-13,2026-02-22,Club Wyndham Shawnee Village,Ridge Top,2 BEDROOM,2 Bedroom,PI|R000000000101,225000,225000,44,0,0.0,2025-10-05 15:48:43,2025-10-05T15:37:07.597023
72,2026-02-13,2026-02-22,Club Wyndham Shawnee Village,Ridge Top,2 BEDROOM,2 Bedroom Deluxe,PI|R000000000101,240000,240000,2,0,0.0,2025-10-05 15:48:43,2025-10-05T15:37:07.597023
72,2026-02-13,2026-02-22,Club Wyndham Shawnee Village,River Village,2 BEDROOM,2 Bedroom,PI|R000000000101,221500,221500,43,0,0.0,2025-10-05 15:48:43,2025-10-05T15:37:07.597023
72,2026-02-13,2026-02-22,WorldMark Shawnee Village,WbW Depuy,2 BEDROOM,2 Bedroom Double - Depuy,PI|R000000000289,150000,150000,3,0,0.0,2025-10-05 15:48:43,2025-10-05T15:37:07.597023
72,2026-02-13,2026-02-22,WorldMark Shawnee Village,WbW Depuy,2 BEDROOM,2 Bedroom King - Depuy,PI|R000000000289,150000,150000,9,0,0.0,2025-10-05 15:48:43,2025-10-05T15:37:07.597023
72,2026-02-13,2026-02-22,WorldMark Shawnee Village,WbW Fairway Village,1 BEDROOM,1 Bedroom - Fairway,PI|R000000000289,128000,128000,1,0,0.0,2025-10-05 15:48:43,2025-10-05T15:37:07.597023
72,2026-02-13,2026-02-22,WorldMark Shawnee Village,WbW Fairway Village,2 BEDROOM,2 Bedroom - Fairway,PI|R000000000289,150000,150000,14,0,0.0,2025-10-05 15:48:43,2025-10-05T15:37:07.597023
72,2026-02-13,2026-02-22,WorldMark Shawnee Village,WbW Ridge Top,2 BEDROOM,2 Bedroom - Ridge Top,PI|R000000000289,170000,170000,24,0,0.0,2025-10-05 15:48:43,2025-10-05T15:37:07.597023
72,2026-02-13,2026-02-22,WorldMark Shawnee Village,WbW Ridge Top,2 BEDROOM,2 Bedroom Deluxe - Ridge Top,PI|R000000000289,177000,177000,8,0,0.0,2025-10-05 15:48:43,2025-10-05T15:37:07.597023
72,2026-02-13,2026-02-22,WorldMark Shawnee Village,WbW River Village,2 BEDROOM,2 Bedroom - River Village,PI|R000000000289,150000,150000,1,0,0.0,2025-10-05 15:48:43,2025-10-05T15:37:07.597023
72,2026-03-14,2026-03-18,Club Wyndham Smugglers' Notch Vermont®,"Aspens, Sycamores, Balsams",1 BEDROOM,1 Bedroom Deluxe,PI|R000000000019,101500,101500,1,0,0.0,2025-10-05 15:48:43,2025-10-05T15:37:09.773389
72,2026-03-14,2026-03-18,Club Wyndham Smugglers' Notch Vermont®,"Aspens, Sycamores, Balsams",3 BEDROOM,3 Bedroom,PI|R000000000019,105500,105500,1,0,0.0,2025-10-05 15:48:43,2025-10-05T15:37:09.773389
72,2026-03-14,2026-03-18,Club Wyndham Smugglers' Notch Vermont®,"Aspens, Sycamores, Balsams",3 BEDROOM,3 Bedroom Deluxe,PI|R000000000019,172000,172000,2,0,0.0,2025-10-05 15:48:43,2025-10-05T15:37:09.773389
72,2026-03-14,2026-03-18,Club Wyndham Smugglers' Notch Vermont®,Owls Presidential Reserve,2 BEDROOM,2 Bedroom Presidential (Presidential Reserve),PI|R000000000019,224000,224000,2,0,0.0,2025-10-05 15:48:43,2025-10-05T15:37:09.773389
72,2026-03-14,2026-03-18,Club Wyndham Smugglers' Notch Vermont®,Owls Presidential Reserve,4 BEDROOM,4 Bedroom Presidential (Presidential Reserve),PI|R000000000019,308000,308000,3,0,0.0,2025-10-05 15:48:43,2025-10-05T15:37:09.773389
72,2026-03-14,2026-03-18,Club Wyndham Smugglers' Notch Vermont®,"Pines, Maples, Birches, Nordland",1 BEDROOM,1 Bedroom Plus,PI|R000000000019,81250,81250,3,0,0.0,2025-10-05 15:48:43,2025-10-05T15:37:09.773389
72,2026-03-14,2026-03-18,Club Wyndham Smugglers' Notch Vermont®,"Pines, Maples, Birches, Nordland",2 BEDROOM,2 Bedroom,PI|R000000000019,101500,101500,3,0,0.0,2025-10-05 15:48:43,2025-10-05T15:37:09.773389
72,2026-03-14,2026-03-18,Club Wyndham Smugglers' Notch Vermont®,"Tamaracks, Owls, Kestrels",1 BEDROOM,1 Bedroom Deluxe,PI|R000000000019,101500,101500,2,0,0.0,2025-10-05 15:48:43,2025-10-05T15:37:09.773389
72,2026-03-14,2026-03-18,Club Wyndham Smugglers' Notch Vermont®,"Tamaracks, Owls, Kestrels",2 BEDROOM,2 Bedroom Deluxe,PI|R000000000019,125500,125500,7,0,0.0,2025-10-05 15:48:43,2025-10-05T15:37:09.773389
72,2026-03-14,2026-03-18,Club Wyndham Smugglers' Notch Vermont®,"Tamaracks, Owls, Kestrels",3 BEDROOM,3 Bedroom Deluxe,PI|R000000000019,172000,172000,3,0,0.0,2025-10-05 15:48:43,2025-10-05T15:37:09.773389
72,2026-03-14,2026-03-18,Club Wyndham Smugglers' Notch Vermont®,"Tamaracks, Owls, Kestrels",3 BEDROOM,3 Bedroom Plus,PI|R000000000019,224000,224000,1,0,0.0,2025-10-05 15:48:43,2025-10-05T15:37:09.773389
72,2026-03-14,2026-03-18,Club Wyndham Smugglers' Notch Vermont®,"Tamaracks, Owls, Kestrels",3 BEDROOM,3 Bedroom Presidential,PI|R000000000019,252000,252000,10,0,0.0,2025-10-05 15:48:43,2025-10-05T15:37:09.773389
72,2026-03-14,2026-03-18,Club Wyndham Smugglers' Notch Vermont®,"Tamaracks, Owls, Kestrels",3 BEDROOM,3 Bedroom Suite,PI|R000000000019,196000,196000,4,0,0.0,2025-10-05 15:48:43,2025-10-05T15:37:09.773389
72,2026-03-14,2026-03-18,Club Wyndham Smugglers' Notch Vermont®,"Willows, Evergreens, Oaks, Commons & Villmarksauna",2 BEDROOM,2 Bedroom,PI|R000000000019,86000,86000,6,0,0.0,2025-10-05 15:48:43,2025-10-05T15:37:09.773389
73,2025-12-19,2025-12-24,Club Wyndham Pagosa,Peregrine,1 BEDROOM,1 Bedroom,PI|R000000000073,73500,73500,1,0,0.0,2025-10-05 15:48:43,2025-10-05T15:37:12.772168
73,2025-12-19,2025-12-24,Club Wyndham Pagosa,Peregrine,1 BEDROOM,1 Bedroom Deluxe,PI|R000000000073,81000,81000,5,0,0.0,2025-10-05 15:48:43,2025-10-05T15:37:12.772168
73,2025-12-19,2025-12-24,Club Wyndham Pagosa,Peregrine,2 BEDROOM,2 Bedroom Lockoff,PI|R000000000073,154500,154500,1,0,0.0,2025-10-05 15:48:43,2025-10-05T15:37:12.772168
73,2025-12-19,2025-12-24,WorldMark Estes Park,WbW Estes Park,STUDIO,Studio Hotel,PI|R000000000031,88000,88000,6,0,0.0,2025-10-05 15:48:43,2025-10-05T15:37:12.772168
73,2025-12-19,2025-12-24,WorldMark Rocky Mountain Preserve,WbW Granby,1 BEDROOM,1 Bedroom Deluxe,PI|R000000000197,151000,151000,3,0,0.0,2025-10-05 15:48:43,2025-10-05T15:37:12.772168
73,2025-12-19,2025-12-24,WorldMark Pagosa,WbW WorldMark Pagosa,1 BEDROOM,1 Bedroom - Ptarmigan,PI|R000000000262,83000,83000,5,0,0.0,2025-10-05 15:48:43,2025-10-05T15:37:12.772168
73,2025-12-19,2025-12-24,WorldMark Pagosa,WbW WorldMark Pagosa,1 BEDROOM,1 Bedroom - Village Pointe,PI|R000000000262,83000,83000,12,0,0.0,2025-10-05 15:48:43,2025-10-05T15:37:12.772168
73,2025-12-19,2025-12-24,WorldMark Pagosa,WbW WorldMark Pagosa,1 BEDROOM,1 Bedroom Suite - Ptarmigan,PI|R000000000262,63000,63000,9,0,0.0,2025-10-05 15:48:43,2025-10-05T15:37:12.772168
73,2025-12-19,2025-12-24,WorldMark Pagosa,WbW WorldMark Pagosa,1 BEDROOM,1 Bedroom Suite - Village Pointe,PI|R000000000262,63000,63000,10,0,0.0,2025-10-05 15:48:43,2025-10-05T15:37:12.772168
73,2026-01-18,2026-01-21,WorldMark Steamboat Springs,Wbw Steamboat Springs,1 BEDROOM,1 Bedroom,PI|R000000000267,48000,48000,4,0,0.0,2025-10-05 15:48:43,2025-10-05T15:37:14.919955
73,2026-01-31,2026-02-04,Club Wyndham Steamboat Springs,Steamboat Springs,2 BEDROOM,2 Bedroom Deluxe,PI|R000000000007,129500,129500,4,0,0.0,2025-10-05 15:48:43,2025-10-05T15:37:16.815979
74,2026-03-09,2026-03-14,Club Wyndham Ocean Boulevard,Ocean Boulevard Tower 4,2 BEDROOM,2 Bedroom Deluxe Ocean View Lower Level,PI|R000000000004,57500,57500,24,0,0.0,2025-10-05 15:48:43,2025-10-05T15:37:19.022459
74,2026-03-09,2026-03-14,Club Wyndham Ocean Boulevard,Ocean Boulevard Tower 4,2 BEDROOM,2 Bedroom Deluxe Ocean View Upper Level,PI|R000000000004,72000,72000,17,0,0.0,2025-10-05 15:48:43,2025-10-05T15:37:19.022459
74,2026-03-09,2026-03-14,Club Wyndham Ocean Boulevard,Ocean Boulevard Tower 4,2 BEDROOM,2 Bedroom Deluxe Oceanfront Lower Level,PI|R000000000004,75000,75000,6,0,0.0,2025-10-05 15:48:43,2025-10-05T15:37:19.022459
74,2026-03-09,2026-03-14,Club Wyndham Ocean Boulevard,Ocean Boulevard Tower 4,3 BEDROOM,3 Bedroom Deluxe Oceanfront Lower Level,PI|R000000000004,101500,101500,3,0,0.0,2025-10-05 15:48:43,2025-10-05T15:37:19.022459
74,2026-03-09,2026-03-14,Club Wyndham Ocean Boulevard,Ocean Boulevard Tower 3,1 BEDROOM,1 Bedroom Deluxe Ocean View Lower Level,PI|R000000000004,45000,45000,5,0,0.0,2025-10-05 15:48:43,2025-10-05T15:37:19.022459
74,2026-03-09,2026-03-14,Club Wyndham Ocean Boulevard,Ocean Boulevard Tower 3,2 BEDROOM,2 Bedroom Deluxe Ocean View Lower Level,PI|R000000000004,57500,57500,49,0,0.0,2025-10-05 15:48:43,2025-10-05T15:37:19.022459
74,2026-03-09,2026-03-14,Club Wyndham Ocean Boulevard,Ocean Boulevard Tower 3,2 BEDROOM,2 Bedroom Deluxe Ocean View Upper Level,PI|R000000000004,72000,72000,22,0,0.0,2025-10-05 15:48:43,2025-10-05T15:37:19.022459
74,2026-03-09,2026-03-14,Club Wyndham Ocean Boulevard,Ocean Boulevard Tower 3,2 BEDROOM,2 Bedroom Deluxe Oceanfront Lower Level,PI|R000000000004,75000,75000,11,0,0.0,2025-10-05 15:48:43,2025-10-05T15:37:19.022459
74,2026-03-09,2026-03-14,Club Wyndham Ocean Boulevard,Ocean Boulevard Tower 3,2 BEDROOM,2 Bedroom Presidential Ocean View Upper Level,PI|R000000000004,90000,90000,3,0,0.0,2025-10-05 15:48:43,2025-10-05T15:37:19.022459
74,2026-03-09,2026-03-14,Club Wyndham Ocean Boulevard,Ocean Boulevard Tower 3,3 BEDROOM,3 Bedroom Deluxe Ocean View Lower Level,PI|R000000000004,80000,80000,14,0,0.0,2025-10-05 15:48:43,2025-10-05T15:37:19.022459
74,2026-03-09,2026-03-14,Club Wyndham Ocean Boulevard,Ocean Boulevard Tower 3,3 BEDROOM,3 Bedroom Deluxe Ocean View Upper Level,PI|R000000000004,90000,90000,5,0,0.0,2025-10-05 15:48:43,2025-10-05T15:37:19.022459
74,2026-03-09,2026-03-14,Club Wyndham Ocean Boulevard,Ocean Boulevard Tower 3,3 BEDROOM,3 Bedroom Deluxe Oceanfront Lower Level,PI|R000000000004,101500,101500,14,0,0.0,2025-10-05 15:48:43,2025-10-05T15:37:19.022459
74,2026-03-09,2026-03-14,Club Wyndham Ocean Boulevard,Ocean Boulevard Tower 3,3 BEDROOM,3 Bedroom Deluxe Oceanfront Upper Level,PI|R000000000004,113500,113500,1,0,0.0,2025-10-05 15:48:43,2025-10-05T15:37:19.022459
74,2026-03-09,2026-03-14,Club Wyndham Ocean Boulevard,Ocean Boulevard Tower 1,2 BEDROOM,2 Bedroom Deluxe,PI|R000000000004,86000,86000,31,0,0.0,2025-10-05 15:48:43,2025-10-05T15:37:19.022459
74,2026-03-09,2026-03-14,Club Wyndham Ocean Boulevard,Ocean Boulevard Tower 1,3 BEDROOM,3 Bedroom Deluxe,PI|R000000000004,104000,104000,18,0,0.0,2025-10-05 15:48:43,2025-10-05T15:37:19.022459
75,2025-12-13,2025-12-15,Club Wyndham Tamarack,Tamarack,1 BEDROOM,1 Bedroom Deluxe,PI|R000000000092,24500,24500,2,0,0.0,2025-10-05 15:48:43,2025-10-05T15:37:21.254656
75,2025-12-13,2025-12-15,Club Wyndham Tamarack,Tamarack,2 BEDROOM,2 Bedroom Deluxe,PI|R000000000092,28750,28750,5,0,0.0,2025-10-05 15:48:43,2025-10-05T15:37:21.254656
75,2026-03-30,2026-04-01,Club Wyndham Glacier Canyon,Glacier Canyon,1 BEDROOM,1 Bedroom Deluxe,PI|R000000000093,28000,28000,24,0,0.0,2025-10-05 15:48:43,2025-10-05T15:37:23.266224
75,2026-03-30,2026-04-01,Club Wyndham Glacier Canyon,Glacier Canyon,2 BEDROOM,2 Bedroom Deluxe,PI|R000000000093,40000,40000,24,0,0.0,2025-10-05 15:48:43,2025-10-05T15:37:23.266224
75,2026-03-30,2026-04-01,Club Wyndham Glacier Canyon,Glacier Canyon,2 BEDROOM,2 Bedroom Presidential,PI|R000000000093,56000,56000,8,0,0.0,2025-10-05 15:48:43,2025-10-05T15:37:23.266224
75,2026-03-30,2026-04-01,Club Wyndham Glacier Canyon,Glacier Canyon,3 BEDROOM,3 Bedroom Deluxe,PI|R000000000093,56000,56000,27,0,0.0,2025-10-05 15:48:43,2025-10-05T15:37:23.266224
75,2026-06-19,2026-06-27,Club Wyndham Tamarack,Tamarack,1 BEDROOM,1 Bedroom Deluxe,PI|R000000000092,127500,127500,2,0,0.0,2025-10-05 15:48:43,2025-10-05T15:37:25.541728
75,2026-06-19,2026-06-27,Club Wyndham Tamarack,Tamarack,2 BEDROOM,2 Bedroom Deluxe,PI|R000000000092,186000,186000,2,0,0.0,2025-10-05 15:48:43,2025-10-05T15:37:25.541728
75,2026-06-20,2026-06-26,Club Wyndham Tamarack,Tamarack,1 BEDROOM,1 Bedroom Deluxe,PI|R000000000092,82500,82500,2,0,0.0,2025-10-05 15:48:43,2025-10-05T15:37:29.855464
75,2026-06-20,2026-06-26,Club Wyndham Tamarack,Tamarack,2 BEDROOM,2 Bedroom Deluxe,PI|R000000000092,122000,122000,2,0,0.0,2025-10-05 15:48:43,2025-10-05T15:37:29.855464
75,2026-06-20,2026-06-27,Club Wyndham Tamarack,Tamarack,1 BEDROOM,1 Bedroom Deluxe,PI|R000000000092,105000,105000,2,0,0.0,2025-10-05 15:48:43,2025-10-05T15:37:27.767257
75,2026-06-20,2026-06-27,Club Wyndham Tamarack,Tamarack,2 BEDROOM,2 Bedroom Deluxe,PI|R000000000092,154000,154000,2,0,0.0,2025-10-05 15:48:43,2025-10-05T15:37:27.767257
76,2025-12-06,2025-12-10,Club Wyndham Pagosa,"Eagle Loft, Elk Run, Master Place, Mountain Meadows, Ptarmigan, Village Pointe",1 BEDROOM,1 Bedroom,PI|R000000000073,42500,42500,3,0,0.0,2025-10-05 15:48:43,2025-10-05T15:37:31.984362
76,2025-12-06,2025-12-10,Club Wyndham Pagosa,"Eagle Loft, Elk Run, Master Place, Mountain Meadows, Ptarmigan, Village Pointe",2 BEDROOM,2 Bedroom Deluxe,PI|R000000000073,58500,58500,3,0,0.0,2025-10-05 15:48:43,2025-10-05T15:37:31.984362
76,2025-12-06,2025-12-10,Club Wyndham Pagosa,"Eagle Loft, Elk Run, Master Place, Mountain Meadows, Ptarmigan, Village Pointe",2 BEDROOM,2 Bedroom Loft,PI|R000000000073,70500,70500,36,0,0.0,2025-10-05 15:48:43,2025-10-05T15:37:31.984362
76,2025-12-06,2025-12-10,Club Wyndham Pagosa,Peregrine,1 BEDROOM,1 Bedroom,PI|R000000000073,42500,42500,76,0,0.0,2025-10-05 15:48:43,2025-10-05T15:37:31.984362
76,2025-12-06,2025-12-10,Club Wyndham Pagosa,Peregrine,1 BEDROOM,1 Bedroom Deluxe,PI|R000000000073,46500,46500,77,0,0.0,2025-10-05 15:48:43,2025-10-05T15:37:31.984362
76,2025-12-06,2025-12-10,Club Wyndham Pagosa,Peregrine,2 BEDROOM,2 Bedroom Lockoff,PI|R000000000073,89000,89000,76,0,0.0,2025-10-05 15:48:43,2025-10-05T15:37:31.984362
76,2025-12-06,2025-12-10,Club Wyndham Pagosa,Teal Landing,1 BEDROOM,1 Bedroom Deluxe,PI|R000000000073,46500,46500,17,0,0.0,2025-10-05 15:48:43,2025-10-05T15:37:31.984362
76,2025-12-06,2025-12-10,Club Wyndham Pagosa,Teal Landing,1 BEDROOM,1 Bedroom Suite,PI|R000000000073,38500,38500,11,0,0.0,2025-10-05 15:48:43,2025-10-05T15:37:31.984362
76,2025-12-06,2025-12-10,Club Wyndham Pagosa,Teal Landing,2 BEDROOM,2 Bedroom Deluxe,PI|R000000000073,70500,70500,4,0,0.0,2025-10-05 15:48:43,2025-10-05T15:37:31.984362
76,2025-12-06,2025-12-10,Club Wyndham Pagosa,Teal Landing,2 BEDROOM,2 Bedroom Lockoff,PI|R000000000073,85000,85000,11,0,0.0,2025-10-05 15:48:43,2025-10-05T15:37:31.984362
76,2025-12-16,2025-12-22,Club Wyndham Pagosa,"Eagle Loft, Elk Run, Master Place, Mountain Meadows, Ptarmigan, Village Pointe",2 BEDROOM,2 Bedroom Loft,PI|R000000000073,131500,131500,5,0,0.0,2025-10-05 15:48:43,2025-10-05T15:37:34.052883
76,2025-12-16,2025-12-22,Club Wyndham Pagosa,Peregrine,1 BEDROOM,1 Bedroom,PI|R000000000073,76500,76500,18,0,0.0,2025-10-05 15:48:43,2025-10-05T15:37:34.052883
76,2025-12-16,2025-12-22,Club Wyndham Pagosa,Peregrine,1 BEDROOM,1 Bedroom Deluxe,PI|R000000000073,84000,84000,19,0,0.0,2025-10-05 15:48:43,2025-10-05T15:37:34.052883
76,2025-12-16,2025-12-22,Club Wyndham Pagosa,Peregrine,2 BEDROOM,2 Bedroom Lockoff,PI|R000000000073,160500,160500,18,0,0.0,2025-10-05 15:48:43,2025-10-05T15:37:34.052883
76,2025-12-16,2025-12-22,Club Wyndham Pagosa,Teal Landing,1 BEDROOM,1 Bedroom Deluxe,PI|R000000000073,84000,84000,3,0,0.0,2025-10-05 15:48:43,2025-10-05T15:37:34.052883
76,2025-12-16,2025-12-22,Club Wyndham Pagosa,Teal Landing,1 BEDROOM,1 Bedroom Suite,PI|R000000000073,69000,69000,5,0,0.0,2025-10-05 15:48:43,2025-10-05T15:37:34.052883
76,2025-12-16,2025-12-22,Club Wyndham Pagosa,Teal Landing,2 BEDROOM,2 Bedroom Lockoff,PI|R000000000073,153000,153000,3,0,0.0,2025-10-05 15:48:43,2025-10-05T15:37:34.052883
76,2025-12-18,2025-12-22,Club Wyndham Pagosa,"Eagle Loft, Elk Run, Master Place, Mountain Meadows, Ptarmigan, Village Pointe",2 BEDROOM,2 Bedroom Loft,PI|R000000000073,101500,101500,5,0,0.0,2025-10-05 15:48:43,2025-10-05T15:37:36.070274
76,2025-12-18,2025-12-22,Club Wyndham Pagosa,Peregrine,1 BEDROOM,1 Bedroom,PI|R000000000073,60500,60500,18,0,0.0,2025-10-05 15:48:43,2025-10-05T15:37:36.070274
76,2025-12-18,2025-12-22,Club Wyndham Pagosa,Peregrine,1 BEDROOM,1 Bedroom Deluxe,PI|R000000000073,66000,66000,19,0,0.0,2025-10-05 15:48:43,2025-10-05T15:37:36.070274
76,2025-12-18,2025-12-22,Club Wyndham Pagosa,Peregrine,2 BEDROOM,2 Bedroom Lockoff,PI|R000000000073,126500,126500,18,0,0.0,2025-10-05 15:48:43,2025-10-05T15:37:36.070274
76,2025-12-18,2025-12-22,Club Wyndham Pagosa,Teal Landing,1 BEDROOM,1 Bedroom Deluxe,PI|R000000000073,66000,66000,3,0,0.0,2025-10-05 15:48:43,2025-10-05T15:37:36.070274
76,2025-12-18,2025-12-22,Club Wyndham Pagosa,Teal Landing,1 BEDROOM,1 Bedroom Suite,PI|R000000000073,55000,55000,5,0,0.0,2025-10-05 15:48:43,2025-10-05T15:37:36.070274
76,2025-12-18,2025-12-22,Club Wyndham Pagosa,Teal Landing,2 BEDROOM,2 Bedroom Lockoff,PI|R000000000073,121000,121000,3,0,0.0,2025-10-05 15:48:43,2025-10-05T15:37:36.070274
76,2025-12-20,2025-12-24,Club Wyndham Pagosa,Peregrine,1 BEDROOM,1 Bedroom,PI|R000000000073,52500,52500,1,0,0.0,2025-10-05 15:48:43,2025-10-05T15:37:38.074108
76,2025-12-20,2025-12-24,Club Wyndham Pagosa,Peregrine,1 BEDROOM,1 Bedroom Deluxe,PI|R000000000073,58500,58500,5,0,0.0,2025-10-05 15:48:43,2025-10-05T15:37:38.074108
76,2025-12-20,2025-12-24,Club Wyndham Pagosa,Peregrine,2 BEDROOM,2 Bedroom Lockoff,PI|R000000000073,111000,111000,1,0,0.0,2025-10-05 15:48:43,2025-10-05T15:37:38.074108
76,2025-12-21,2025-12-26,Club Wyndham Pagosa,Peregrine,1 BEDROOM,1 Bedroom,PI|R000000000073,52500,52500,1,0,0.0,2025-10-05 15:48:43,2025-10-05T15:37:40.074354
76,2025-12-21,2025-12-26,Club Wyndham Pagosa,Peregrine,1 BEDROOM,1 Bedroom Deluxe,PI|R000000000073,60000,60000,5,0,0.0,2025-10-05 15:48:43,2025-10-05T15:37:40.074354
76,2025-12-21,2025-12-26,Club Wyndham Pagosa,Peregrine,2 BEDROOM,2 Bedroom Lockoff,PI|R000000000073,112500,112500,1,0,0.0,2025-10-05 15:48:43,2025-10-05T15:37:40.074354
76,2025-12-22,2025-12-27,Club Wyndham Pagosa,Peregrine,1 BEDROOM,1 Bedroom Deluxe,PI|R000000000073,70500,70500,1,0,0.0,2025-10-05 15:48:43,2025-10-05T15:37:44.248117
76,2025-12-22,2025-12-29,WorldMark Pagosa,WbW WorldMark Pagosa,1 BEDROOM,1 Bedroom - Ptarmigan,PI|R000000000262,109000,109000,5,0,0.0,2025-10-05 15:48:43,2025-10-05T15:37:42.233163
76,2025-12-23,2025-12-30,WorldMark Estes Park,WbW Estes Park,STUDIO,Studio Hotel,PI|R000000000031,116000,116000,1,0,0.0,2025-10-05 15:48:43,2025-10-05T15:37:46.922359
76,2025-12-26,2025-12-30,WorldMark Estes Park,WbW Estes Park,STUDIO,Studio Hotel,PI|R000000000031,74000,74000,1,0,0.0,2025-10-05 15:48:43,2025-10-05T15:37:49.626596
76,2025-12-28,2026-01-02,Club Wyndham Moab,Moab Presidential Reserve,2 BEDROOM,2 Bedroom Presidential (Presidential Reserve),PI|R000000000338,180000,180000,3,0,0.0,2025-10-05 15:48:43,2025-10-05T15:37:52.796505
76,2025-12-28,2026-01-02,Club Wyndham Moab,Moab Presidential Reserve,3 BEDROOM,3 Bedroom Presidential (Presidential Reserve),PI|R000000000338,225000,225000,2,0,0.0,2025-10-05 15:48:43,2025-10-05T15:37:52.796505
76,2025-12-28,2026-01-02,WorldMark St. George,WbW St. George,1 BEDROOM,1 Bedroom,PI|R000000000154,80000,80000,4,0,0.0,2025-10-05 15:48:43,2025-10-05T15:37:52.796505
76,2025-12-28,2026-01-02,WorldMark St. George,WbW St. George,1 BEDROOM,1 Bedroom Deluxe,PI|R000000000154,90000,90000,1,0,0.0,2025-10-05 15:48:43,2025-10-05T15:37:52.796505
76,2025-12-28,2026-01-02,WorldMark West Yellowstone,WbW West Yellowstone,1 BEDROOM,1 Bedroom,PI|R000000000156,110000,110000,11,0,0.0,2025-10-05 15:48:43,2025-10-05T15:37:52.796505
76,2025-12-28,2026-01-02,WorldMark West Yellowstone,WbW West Yellowstone,2 BEDROOM,2 Bedroom Queen,PI|R000000000156,130000,130000,3,0,0.0,2025-10-05 15:48:43,2025-10-05T15:37:52.796505
76,2025-12-28,2026-01-02,WorldMark West Yellowstone,WbW West Yellowstone,2 BEDROOM,2 Bedroom Twin,PI|R000000000156,130000,130000,15,0,0.0,2025-10-05 15:48:43,2025-10-05T15:37:52.796505
76,2025-12-28,2026-01-02,WorldMark West Yellowstone,WbW West Yellowstone,STUDIO,Studio,PI|R000000000156,100000,100000,1,0,0.0,2025-10-05 15:48:43,2025-10-05T15:37:52.796505
76,2025-12-28,2026-01-02,WorldMark Wolf Creek,WbW Wolf Creek,STUDIO,Studio,PI|R000000000231,70000,70000,2,0,0.0,2025-10-05 15:48:43,2025-10-05T15:37:52.796505
76,2025-12-29,2026-01-03,Club Wyndham Moab,Moab Presidential Reserve,2 BEDROOM,2 Bedroom Presidential (Presidential Reserve),PI|R000000000338,204000,204000,3,0,0.0,2025-10-05 15:48:43,2025-10-05T15:37:55.949079
76,2025-12-29,2026-01-03,Club Wyndham Moab,Moab Presidential Reserve,3 BEDROOM,3 Bedroom Presidential (Presidential Reserve),PI|R000000000338,255000,255000,2,0,0.0,2025-10-05 15:48:43,2025-10-05T15:37:55.949079
76,2025-12-29,2026-01-03,WorldMark St. George,WbW St. George,1 BEDROOM,1 Bedroom Deluxe,PI|R000000000154,95000,95000,1,0,0.0,2025-10-05 15:48:43,2025-10-05T15:37:55.949079
76,2025-12-29,2026-01-03,WorldMark West Yellowstone,WbW West Yellowstone,1 BEDROOM,1 Bedroom,PI|R000000000156,111000,111000,4,0,0.0,2025-10-05 15:48:43,2025-10-05T15:37:55.949079
76,2025-12-29,2026-01-03,WorldMark West Yellowstone,WbW West Yellowstone,2 BEDROOM,2 Bedroom Queen,PI|R000000000156,135500,135500,1,0,0.0,2025-10-05 15:48:43,2025-10-05T15:37:55.949079
76,2025-12-29,2026-01-03,WorldMark West Yellowstone,WbW West Yellowstone,2 BEDROOM,2 Bedroom Twin,PI|R000000000156,135500,135500,16,0,0.0,2025-10-05 15:48:43,2025-10-05T15:37:55.949079
76,2025-12-29,2026-01-03,WorldMark West Yellowstone,WbW West Yellowstone,STUDIO,Studio,PI|R000000000156,100000,100000,1,0,0.0,2025-10-05 15:48:43,2025-10-05T15:37:55.949079
76,2025-12-29,2026-01-03,WorldMark Wolf Creek,WbW Wolf Creek,STUDIO,Studio,PI|R000000000231,79000,79000,2,0,0.0,2025-10-05 15:48:43,2025-10-05T15:37:55.949079
76,2026-01-04,2026-01-09,Club Wyndham Pagosa,"Eagle Loft, Elk Run, Master Place, Mountain Meadows, Ptarmigan, Village Pointe",1 BEDROOM,1 Bedroom,PI|R000000000073,40000,40000,13,0,0.0,2025-10-05 15:48:43,2025-10-05T15:37:58.065691
76,2026-01-04,2026-01-09,Club Wyndham Pagosa,"Eagle Loft, Elk Run, Master Place, Mountain Meadows, Ptarmigan, Village Pointe",1 BEDROOM,1 Bedroom Suite,PI|R000000000073,30000,30000,7,0,0.0,2025-10-05 15:48:43,2025-10-05T15:37:58.065691
76,2026-01-04,2026-01-09,Club Wyndham Pagosa,"Eagle Loft, Elk Run, Master Place, Mountain Meadows, Ptarmigan, Village Pointe",2 BEDROOM,2 Bedroom Deluxe,PI|R000000000073,60000,60000,4,0,0.0,2025-10-05 15:48:43,2025-10-05T15:37:58.065691
76,2026-01-04,2026-01-09,Club Wyndham Pagosa,"Eagle Loft, Elk Run, Master Place, Mountain Meadows, Ptarmigan, Village Pointe",2 BEDROOM,2 Bedroom Lockoff,PI|R000000000073,70000,70000,7,0,0.0,2025-10-05 15:48:43,2025-10-05T15:37:58.065691
76,2026-01-04,2026-01-09,Club Wyndham Pagosa,Teal Landing,1 BEDROOM,1 Bedroom Suite,PI|R000000000073,35000,35000,12,0,0.0,2025-10-05 15:48:43,2025-10-05T15:37:58.065691
76,2026-01-04,2026-01-09,Club Wyndham Pagosa,Teal Landing,2 BEDROOM,2 Bedroom Deluxe,PI|R000000000073,75000,75000,9,0,0.0,2025-10-05 15:48:43,2025-10-05T15:37:58.065691
76,2026-01-04,2026-01-10,Club Wyndham Pagosa,"Eagle Loft, Elk Run, Master Place, Mountain Meadows, Ptarmigan, Village Pointe",1 BEDROOM,1 Bedroom,PI|R000000000073,58500,58500,13,0,0.0,2025-10-05 15:48:43,2025-10-05T15:38:00.140323
76,2026-01-04,2026-01-10,Club Wyndham Pagosa,"Eagle Loft, Elk Run, Master Place, Mountain Meadows, Ptarmigan, Village Pointe",1 BEDROOM,1 Bedroom Suite,PI|R000000000073,39500,39500,7,0,0.0,2025-10-05 15:48:43,2025-10-05T15:38:00.140323
76,2026-01-04,2026-01-10,Club Wyndham Pagosa,"Eagle Loft, Elk Run, Master Place, Mountain Meadows, Ptarmigan, Village Pointe",2 BEDROOM,2 Bedroom Deluxe,PI|R000000000073,82500,82500,4,0,0.0,2025-10-05 15:48:43,2025-10-05T15:38:00.140323
76,2026-01-04,2026-01-10,Club Wyndham Pagosa,"Eagle Loft, Elk Run, Master Place, Mountain Meadows, Ptarmigan, Village Pointe",2 BEDROOM,2 Bedroom Lockoff,PI|R000000000073,98000,98000,7,0,0.0,2025-10-05 15:48:43,2025-10-05T15:38:00.140323
76,2026-01-04,2026-01-10,Club Wyndham Pagosa,Teal Landing,1 BEDROOM,1 Bedroom Suite,PI|R000000000073,52500,52500,12,0,0.0,2025-10-05 15:48:43,2025-10-05T15:38:00.140323
76,2026-01-04,2026-01-10,Club Wyndham Pagosa,Teal Landing,2 BEDROOM,2 Bedroom Deluxe,PI|R000000000073,100500,100500,9,0,0.0,2025-10-05 15:48:43,2025-10-05T15:38:00.140323
76,2026-01-05,2026-01-10,Club Wyndham Pagosa,"Eagle Loft, Elk Run, Master Place, Mountain Meadows, Ptarmigan, Village Pointe",1 BEDROOM,1 Bedroom,PI|R000000000073,50500,50500,14,0,0.0,2025-10-05 15:48:43,2025-10-05T15:38:02.222871
76,2026-01-05,2026-01-10,Club Wyndham Pagosa,"Eagle Loft, Elk Run, Master Place, Mountain Meadows, Ptarmigan, Village Pointe",1 BEDROOM,1 Bedroom Suite,PI|R000000000073,33500,33500,7,0,0.0,2025-10-05 15:48:43,2025-10-05T15:38:02.222871
76,2026-01-05,2026-01-10,Club Wyndham Pagosa,"Eagle Loft, Elk Run, Master Place, Mountain Meadows, Ptarmigan, Village Pointe",2 BEDROOM,2 Bedroom Deluxe,PI|R000000000073,70500,70500,5,0,0.0,2025-10-05 15:48:43,2025-10-05T15:38:02.222871
76,2026-01-05,2026-01-10,Club Wyndham Pagosa,"Eagle Loft, Elk Run, Master Place, Mountain Meadows, Ptarmigan, Village Pointe",2 BEDROOM,2 Bedroom Lockoff,PI|R000000000073,84000,84000,7,0,0.0,2025-10-05 15:48:43,2025-10-05T15:38:02.222871
76,2026-01-05,2026-01-10,Club Wyndham Pagosa,"Eagle Loft, Elk Run, Master Place, Mountain Meadows, Ptarmigan, Village Pointe",2 BEDROOM,2 Bedroom Loft,PI|R000000000073,85500,85500,1,0,0.0,2025-10-05 15:48:43,2025-10-05T15:38:02.222871
76,2026-01-05,2026-01-10,Club Wyndham Pagosa,Teal Landing,1 BEDROOM,1 Bedroom Deluxe,PI|R000000000073,55500,55500,10,0,0.0,2025-10-05 15:48:43,2025-10-05T15:38:02.222871
76,2026-01-05,2026-01-10,Club Wyndham Pagosa,Teal Landing,1 BEDROOM,1 Bedroom Suite,PI|R000000000073,45500,45500,12,0,0.0,2025-10-05 15:48:43,2025-10-05T15:38:02.222871
76,2026-01-05,2026-01-10,Club Wyndham Pagosa,Teal Landing,2 BEDROOM,2 Bedroom Deluxe,PI|R000000000073,85500,85500,14,0,0.0,2025-10-05 15:48:43,2025-10-05T15:38:02.222871
76,2026-01-05,2026-01-10,Club Wyndham Pagosa,Teal Landing,2 BEDROOM,2 Bedroom Lockoff,PI|R000000000073,101000,101000,10,0,0.0,2025-10-05 15:48:43,2025-10-05T15:38:02.222871
76,2026-02-01,2026-02-05,Club Wyndham Pagosa,"Eagle Loft, Elk Run, Master Place, Mountain Meadows, Ptarmigan, Village Pointe",1 BEDROOM,1 Bedroom,PI|R000000000073,32000,32000,10,0,0.0,2025-10-05 15:48:43,2025-10-05T15:38:04.421601
76,2026-02-01,2026-02-05,Club Wyndham Pagosa,"Eagle Loft, Elk Run, Master Place, Mountain Meadows, Ptarmigan, Village Pointe",1 BEDROOM,1 Bedroom Suite,PI|R000000000073,24000,24000,9,0,0.0,2025-10-05 15:48:43,2025-10-05T15:38:04.421601
76,2026-02-01,2026-02-05,Club Wyndham Pagosa,"Eagle Loft, Elk Run, Master Place, Mountain Meadows, Ptarmigan, Village Pointe",2 BEDROOM,2 Bedroom Deluxe,PI|R000000000073,48000,48000,6,0,0.0,2025-10-05 15:48:43,2025-10-05T15:38:04.421601
76,2026-02-01,2026-02-05,Club Wyndham Pagosa,"Eagle Loft, Elk Run, Master Place, Mountain Meadows, Ptarmigan, Village Pointe",2 BEDROOM,2 Bedroom Lockoff,PI|R000000000073,56000,56000,9,0,0.0,2025-10-05 15:48:43,2025-10-05T15:38:04.421601
76,2026-02-01,2026-02-05,Club Wyndham Pagosa,"Eagle Loft, Elk Run, Master Place, Mountain Meadows, Ptarmigan, Village Pointe",2 BEDROOM,2 Bedroom Loft,PI|R000000000073,60000,60000,2,0,0.0,2025-10-05 15:48:43,2025-10-05T15:38:04.421601
76,2026-02-01,2026-02-05,Club Wyndham Pagosa,Peregrine,1 BEDROOM,1 Bedroom,PI|R000000000073,32000,32000,1,0,0.0,2025-10-05 15:48:43,2025-10-05T15:38:04.421601
76,2026-02-01,2026-02-05,Club Wyndham Pagosa,Peregrine,1 BEDROOM,1 Bedroom Deluxe,PI|R000000000073,36000,36000,57,0,0.0,2025-10-05 15:48:43,2025-10-05T15:38:04.421601
76,2026-02-01,2026-02-05,Club Wyndham Pagosa,Peregrine,2 BEDROOM,2 Bedroom Lockoff,PI|R000000000073,68000,68000,1,0,0.0,2025-10-05 15:48:43,2025-10-05T15:38:04.421601
76,2026-02-01,2026-02-05,Club Wyndham Pagosa,Teal Landing,1 BEDROOM,1 Bedroom Deluxe,PI|R000000000073,36000,36000,11,0,0.0,2025-10-05 15:48:43,2025-10-05T15:38:04.421601
76,2026-02-01,2026-02-05,Club Wyndham Pagosa,Teal Landing,1 BEDROOM,1 Bedroom Suite,PI|R000000000073,28000,28000,14,0,0.0,2025-10-05 15:48:43,2025-10-05T15:38:04.421601
76,2026-02-01,2026-02-05,Club Wyndham Pagosa,Teal Landing,2 BEDROOM,2 Bedroom Deluxe,PI|R000000000073,60000,60000,2,0,0.0,2025-10-05 15:48:43,2025-10-05T15:38:04.421601
76,2026-02-01,2026-02-05,Club Wyndham Pagosa,Teal Landing,2 BEDROOM,2 Bedroom Lockoff,PI|R000000000073,64000,64000,11,0,0.0,2025-10-05 15:48:43,2025-10-05T15:38:04.421601
76,2026-02-06,2026-02-09,Club Wyndham Pagosa,"Eagle Loft, Elk Run, Master Place, Mountain Meadows, Ptarmigan, Village Pointe",1 BEDROOM,1 Bedroom,PI|R000000000073,45000,45000,9,0,0.0,2025-10-05 15:48:43,2025-10-05T15:38:06.403907
76,2026-02-06,2026-02-09,Club Wyndham Pagosa,"Eagle Loft, Elk Run, Master Place, Mountain Meadows, Ptarmigan, Village Pointe",1 BEDROOM,1 Bedroom Suite,PI|R000000000073,25000,25000,10,0,0.0,2025-10-05 15:48:43,2025-10-05T15:38:06.403907
76,2026-02-06,2026-02-09,Club Wyndham Pagosa,"Eagle Loft, Elk Run, Master Place, Mountain Meadows, Ptarmigan, Village Pointe",2 BEDROOM,2 Bedroom Deluxe,PI|R000000000073,57000,57000,8,0,0.0,2025-10-05 15:48:43,2025-10-05T15:38:06.403907
76,2026-02-06,2026-02-09,Club Wyndham Pagosa,"Eagle Loft, Elk Run, Master Place, Mountain Meadows, Ptarmigan, Village Pointe",2 BEDROOM,2 Bedroom Lockoff,PI|R000000000073,70000,70000,9,0,0.0,2025-10-05 15:48:43,2025-10-05T15:38:06.403907
76,2026-02-06,2026-02-09,Club Wyndham Pagosa,"Eagle Loft, Elk Run, Master Place, Mountain Meadows, Ptarmigan, Village Pointe",2 BEDROOM,2 Bedroom Loft,PI|R000000000073,66000,66000,1,0,0.0,2025-10-05 15:48:43,2025-10-05T15:38:06.403907
76,2026-02-06,2026-02-09,Club Wyndham Pagosa,Peregrine,1 BEDROOM,1 Bedroom Deluxe,PI|R000000000073,48000,48000,30,0,0.0,2025-10-05 15:48:43,2025-10-05T15:38:06.403907
76,2026-02-06,2026-02-09,Club Wyndham Pagosa,Teal Landing,1 BEDROOM,1 Bedroom Deluxe,PI|R000000000073,48000,48000,18,0,0.0,2025-10-05 15:48:43,2025-10-05T15:38:06.403907
76,2026-02-06,2026-02-09,Club Wyndham Pagosa,Teal Landing,1 BEDROOM,1 Bedroom Suite,PI|R000000000073,42000,42000,18,0,0.0,2025-10-05 15:48:43,2025-10-05T15:38:06.403907
76,2026-02-06,2026-02-09,Club Wyndham Pagosa,Teal Landing,2 BEDROOM,2 Bedroom Deluxe,PI|R000000000073,66000,66000,1,0,0.0,2025-10-05 15:48:43,2025-10-05T15:38:06.403907
76,2026-02-06,2026-02-09,Club Wyndham Pagosa,Teal Landing,2 BEDROOM,2 Bedroom Lockoff,PI|R000000000073,90000,90000,18,0,0.0,2025-10-05 15:48:43,2025-10-05T15:38:06.403907
76,2026-03-08,2026-03-12,Club Wyndham Pagosa,"Eagle Loft, Elk Run, Master Place, Mountain Meadows, Ptarmigan, Village Pointe",1 BEDROOM,1 Bedroom,PI|R000000000073,36000,36000,13,0,0.0,2025-10-05 15:48:43,2025-10-05T15:38:08.504804
76,2026-03-08,2026-03-12,Club Wyndham Pagosa,"Eagle Loft, Elk Run, Master Place, Mountain Meadows, Ptarmigan, Village Pointe",1 BEDROOM,1 Bedroom Suite,PI|R000000000073,28000,28000,10,0,0.0,2025-10-05 15:48:43,2025-10-05T15:38:08.504804
76,2026-03-08,2026-03-12,Club Wyndham Pagosa,"Eagle Loft, Elk Run, Master Place, Mountain Meadows, Ptarmigan, Village Pointe",2 BEDROOM,2 Bedroom Deluxe,PI|R000000000073,60000,60000,3,0,0.0,2025-10-05 15:48:43,2025-10-05T15:38:08.504804
76,2026-03-08,2026-03-12,Club Wyndham Pagosa,"Eagle Loft, Elk Run, Master Place, Mountain Meadows, Ptarmigan, Village Pointe",2 BEDROOM,2 Bedroom Lockoff,PI|R000000000073,64000,64000,10,0,0.0,2025-10-05 15:48:43,2025-10-05T15:38:08.504804
76,2026-03-08,2026-03-12,Club Wyndham Pagosa,"Eagle Loft, Elk Run, Master Place, Mountain Meadows, Ptarmigan, Village Pointe",2 BEDROOM,2 Bedroom Loft,PI|R000000000073,72000,72000,20,0,0.0,2025-10-05 15:48:43,2025-10-05T15:38:08.504804
76,2026-03-08,2026-03-12,Club Wyndham Pagosa,Peregrine,1 BEDROOM,1 Bedroom,PI|R000000000073,36000,36000,69,0,0.0,2025-10-05 15:48:43,2025-10-05T15:38:08.504804
76,2026-03-08,2026-03-12,Club Wyndham Pagosa,Peregrine,1 BEDROOM,1 Bedroom Deluxe,PI|R000000000073,42000,42000,77,0,0.0,2025-10-05 15:48:43,2025-10-05T15:38:08.504804
76,2026-03-08,2026-03-12,Club Wyndham Pagosa,Peregrine,2 BEDROOM,2 Bedroom Lockoff,PI|R000000000073,78000,78000,69,0,0.0,2025-10-05 15:48:43,2025-10-05T15:38:08.504804
76,2026-03-08,2026-03-12,Club Wyndham Pagosa,Teal Landing,1 BEDROOM,1 Bedroom Deluxe,PI|R000000000073,42000,42000,20,0,0.0,2025-10-05 15:48:43,2025-10-05T15:38:08.504804
76,2026-03-08,2026-03-12,Club Wyndham Pagosa,Teal Landing,1 BEDROOM,1 Bedroom Suite,PI|R000000000073,32000,32000,20,0,0.0,2025-10-05 15:48:43,2025-10-05T15:38:08.504804
76,2026-03-08,2026-03-12,Club Wyndham Pagosa,Teal Landing,2 BEDROOM,2 Bedroom Deluxe,PI|R000000000073,68000,68000,9,0,0.0,2025-10-05 15:48:43,2025-10-05T15:38:08.504804
76,2026-03-08,2026-03-12,Club Wyndham Pagosa,Teal Landing,2 BEDROOM,2 Bedroom Lockoff,PI|R000000000073,74000,74000,20,0,0.0,2025-10-05 15:48:43,2025-10-05T15:38:08.504804
76,2026-03-15,2026-03-20,Club Wyndham Pagosa,"Eagle Loft, Elk Run, Master Place, Mountain Meadows, Ptarmigan, Village Pointe",1 BEDROOM,1 Bedroom,PI|R000000000073,45000,45000,8,0,0.0,2025-10-05 15:48:43,2025-10-05T15:38:10.636303
76,2026-03-15,2026-03-20,Club Wyndham Pagosa,"Eagle Loft, Elk Run, Master Place, Mountain Meadows, Ptarmigan, Village Pointe",1 BEDROOM,1 Bedroom Suite,PI|R000000000073,35000,35000,2,0,0.0,2025-10-05 15:48:43,2025-10-05T15:38:10.636303
76,2026-03-15,2026-03-20,Club Wyndham Pagosa,"Eagle Loft, Elk Run, Master Place, Mountain Meadows, Ptarmigan, Village Pointe",2 BEDROOM,2 Bedroom Deluxe,PI|R000000000073,75000,75000,2,0,0.0,2025-10-05 15:48:43,2025-10-05T15:38:10.636303
76,2026-03-15,2026-03-20,Club Wyndham Pagosa,"Eagle Loft, Elk Run, Master Place, Mountain Meadows, Ptarmigan, Village Pointe",2 BEDROOM,2 Bedroom Lockoff,PI|R000000000073,80000,80000,2,0,0.0,2025-10-05 15:48:43,2025-10-05T15:38:10.636303
76,2026-03-15,2026-03-20,Club Wyndham Pagosa,"Eagle Loft, Elk Run, Master Place, Mountain Meadows, Ptarmigan, Village Pointe",2 BEDROOM,2 Bedroom Loft,PI|R000000000073,90000,90000,19,0,0.0,2025-10-05 15:48:43,2025-10-05T15:38:10.636303
76,2026-03-15,2026-03-20,Club Wyndham Pagosa,Peregrine,1 BEDROOM,1 Bedroom,PI|R000000000073,45000,45000,66,0,0.0,2025-10-05 15:48:43,2025-10-05T15:38:10.636303
76,2026-03-15,2026-03-20,Club Wyndham Pagosa,Peregrine,1 BEDROOM,1 Bedroom Deluxe,PI|R000000000073,52500,52500,77,0,0.0,2025-10-05 15:48:43,2025-10-05T15:38:10.636303
76,2026-03-15,2026-03-20,Club Wyndham Pagosa,Peregrine,2 BEDROOM,2 Bedroom Lockoff,PI|R000000000073,97500,97500,66,0,0.0,2025-10-05 15:48:43,2025-10-05T15:38:10.636303
76,2026-03-15,2026-03-20,Club Wyndham Pagosa,Teal Landing,1 BEDROOM,1 Bedroom Deluxe,PI|R000000000073,52500,52500,5,0,0.0,2025-10-05 15:48:43,2025-10-05T15:38:10.636303
76,2026-03-15,2026-03-20,Club Wyndham Pagosa,Teal Landing,1 BEDROOM,1 Bedroom Suite,PI|R000000000073,40000,40000,4,0,0.0,2025-10-05 15:48:43,2025-10-05T15:38:10.636303
76,2026-03-15,2026-03-20,Club Wyndham Pagosa,Teal Landing,2 BEDROOM,2 Bedroom Lockoff,PI|R000000000073,92500,92500,4,0,0.0,2025-10-05 15:48:43,2025-10-05T15:38:10.636303
76,2026-03-16,2026-03-20,Club Wyndham Pagosa,"Eagle Loft, Elk Run, Master Place, Mountain Meadows, Ptarmigan, Village Pointe",1 BEDROOM,1 Bedroom,PI|R000000000073,36000,36000,8,0,0.0,2025-10-05 15:48:43,2025-10-05T15:38:12.675004
76,2026-03-16,2026-03-20,Club Wyndham Pagosa,"Eagle Loft, Elk Run, Master Place, Mountain Meadows, Ptarmigan, Village Pointe",1 BEDROOM,1 Bedroom Suite,PI|R000000000073,28000,28000,2,0,0.0,2025-10-05 15:48:43,2025-10-05T15:38:12.675004
76,2026-03-16,2026-03-20,Club Wyndham Pagosa,"Eagle Loft, Elk Run, Master Place, Mountain Meadows, Ptarmigan, Village Pointe",2 BEDROOM,2 Bedroom Deluxe,PI|R000000000073,60000,60000,2,0,0.0,2025-10-05 15:48:43,2025-10-05T15:38:12.675004
76,2026-03-16,2026-03-20,Club Wyndham Pagosa,"Eagle Loft, Elk Run, Master Place, Mountain Meadows, Ptarmigan, Village Pointe",2 BEDROOM,2 Bedroom Lockoff,PI|R000000000073,64000,64000,2,0,0.0,2025-10-05 15:48:43,2025-10-05T15:38:12.675004
76,2026-03-16,2026-03-20,Club Wyndham Pagosa,"Eagle Loft, Elk Run, Master Place, Mountain Meadows, Ptarmigan, Village Pointe",2 BEDROOM,2 Bedroom Loft,PI|R000000000073,72000,72000,19,0,0.0,2025-10-05 15:48:43,2025-10-05T15:38:12.675004
76,2026-03-16,2026-03-20,Club Wyndham Pagosa,Peregrine,1 BEDROOM,1 Bedroom,PI|R000000000073,36000,36000,66,0,0.0,2025-10-05 15:48:43,2025-10-05T15:38:12.675004
76,2026-03-16,2026-03-20,Club Wyndham Pagosa,Peregrine,1 BEDROOM,1 Bedroom Deluxe,PI|R000000000073,42000,42000,77,0,0.0,2025-10-05 15:48:43,2025-10-05T15:38:12.675004
76,2026-03-16,2026-03-20,Club Wyndham Pagosa,Peregrine,2 BEDROOM,2 Bedroom Lockoff,PI|R000000000073,78000,78000,66,0,0.0,2025-10-05 15:48:43,2025-10-05T15:38:12.675004
76,2026-03-16,2026-03-20,Club Wyndham Pagosa,Teal Landing,1 BEDROOM,1 Bedroom Deluxe,PI|R000000000073,42000,42000,5,0,0.0,2025-10-05 15:48:43,2025-10-05T15:38:12.675004
76,2026-03-16,2026-03-20,Club Wyndham Pagosa,Teal Landing,1 BEDROOM,1 Bedroom Suite,PI|R000000000073,32000,32000,4,0,0.0,2025-10-05 15:48:43,2025-10-05T15:38:12.675004
76,2026-03-16,2026-03-20,Club Wyndham Pagosa,Teal Landing,2 BEDROOM,2 Bedroom Lockoff,PI|R000000000073,74000,74000,4,0,0.0,2025-10-05 15:48:43,2025-10-05T15:38:12.675004
77,2025-10-12,2025-10-18,Club Wyndham Cypress Palms,Cypress Palms,1 BEDROOM,1 Bedroom Deluxe,PI|R000000000049,82500,33000,9,49500,60.0,2025-10-05 15:48:43,2025-10-05T15:38:17.484403
77,2025-10-12,2025-10-18,Club Wyndham Cypress Palms,Cypress Palms,1 BEDROOM,1 Bedroom Suite,PI|R000000000049,58500,23400,8,35100,60.0,2025-10-05 15:48:43,2025-10-05T15:38:17.484403
77,2025-10-14,2025-10-21,Club Wyndham Cypress Palms,Cypress Palms,1 BEDROOM,1 Bedroom Suite,PI|R000000000049,77000,30800,8,46200,60.0,2025-10-05 15:48:43,2025-10-05T15:38:20.088212
77,2025-10-23,2025-10-26,Club Wyndham Cypress Palms,Cypress Palms,1 BEDROOM,1 Bedroom Deluxe,PI|R000000000049,57000,22800,43,34200,60.0,2025-10-05 15:48:43,2025-10-05T15:38:29.941048
77,2025-10-23,2025-10-26,Club Wyndham Cypress Palms,Cypress Palms,1 BEDROOM,1 Bedroom Suite,PI|R000000000049,45000,18000,3,27000,60.0,2025-10-05 15:48:43,2025-10-05T15:38:29.941048
77,2025-10-23,2025-10-26,WorldMark Kingstown Reef,WbW Kingstown Reef,STUDIO,Studio Deluxe,PI|R000000000214,70000,70000,1,0,0.0,2025-10-05 15:48:43,2025-10-05T15:38:29.941048
77,2025-10-23,2025-10-28,Club Wyndham Cypress Palms,Cypress Palms,1 BEDROOM,1 Bedroom Deluxe,PI|R000000000049,81000,32400,42,48600,60.0,2025-10-05 15:48:43,2025-10-05T15:38:27.332699
77,2025-10-23,2025-10-28,Club Wyndham Cypress Palms,Cypress Palms,1 BEDROOM,1 Bedroom Suite,PI|R000000000049,61000,24400,3,36600,60.0,2025-10-05 15:48:43,2025-10-05T15:38:27.332699
77,2025-10-23,2025-10-30,Club Wyndham Cypress Palms,Cypress Palms,1 BEDROOM,1 Bedroom Suite,PI|R000000000049,77000,30800,3,46200,60.0,2025-10-05 15:48:43,2025-10-05T15:38:24.836309
77,2025-10-25,2025-10-29,Club Wyndham Cypress Palms,Cypress Palms,1 BEDROOM,1 Bedroom Deluxe,PI|R000000000049,58500,23400,42,35100,60.0,2025-10-05 15:48:43,2025-10-05T15:38:32.589814
77,2025-10-25,2025-10-29,Club Wyndham Cypress Palms,Cypress Palms,1 BEDROOM,1 Bedroom Suite,PI|R000000000049,42500,17000,3,25500,60.0,2025-10-05 15:48:43,2025-10-05T15:38:32.589814
77,2025-10-25,2025-10-29,WorldMark Kingstown Reef,WbW Kingstown Reef,2 BEDROOM,2 Bedroom Twin,PI|R000000000214,102500,102500,1,0,0.0,2025-10-05 15:48:43,2025-10-05T15:38:32.589814
77,2025-10-30,2025-11-06,Club Wyndham Cypress Palms,Cypress Palms,1 BEDROOM,1 Bedroom Suite,PI|R000000000049,77000,30800,1,46200,60.0,2025-10-05 15:48:43,2025-10-05T15:38:35.438020
77,2025-10-30,2025-11-06,WorldMark Kingstown Reef,WbW Kingstown Reef,STUDIO,Studio Deluxe,PI|R000000000214,134000,134000,1,0,0.0,2025-10-05 15:48:43,2025-10-05T15:38:35.438020
77,2025-10-30,2025-11-06,WorldMark Reunion,WbW Reunion,3 BEDROOM,3 Bedroom Deluxe - Communication ,PI|R000000000261,279500,279500,1,0,0.0,2025-10-05 15:48:43,2025-10-05T15:38:35.438020
77,2025-11-06,2025-11-17,Club Wyndham Palm-Aire,Areca Palm,1 BEDROOM,1 Bedroom Deluxe,PI|R000000000074,207000,82800,1,124200,60.0,2025-10-05 15:48:43,2025-10-05T15:38:46.260250
77,2025-11-06,2025-11-17,Club Wyndham Palm-Aire,Areca Palm,2 BEDROOM,2 Bedroom Deluxe,PI|R000000000074,304000,121600,10,182400,60.0,2025-10-05 15:48:43,2025-10-05T15:38:46.260250
77,2025-11-06,2025-11-17,Club Wyndham Palm-Aire,Fountain Palm & Sabal Palm,2 BEDROOM,2 Bedroom,PI|R000000000074,304000,121600,2,182400,60.0,2025-10-05 15:48:43,2025-10-05T15:38:46.260250
77,2025-11-06,2025-11-17,Club Wyndham Palm-Aire,Royal Palm & Queen Palm,1 BEDROOM,1 Bedroom Deluxe,PI|R000000000074,198000,79200,1,118800,60.0,2025-10-05 15:48:43,2025-10-05T15:38:46.260250
77,2025-11-06,2025-11-17,Club Wyndham Palm-Aire,Royal Palm & Queen Palm,STUDIO,Studio,PI|R000000000074,168000,67200,13,100800,60.0,2025-10-05 15:48:43,2025-10-05T15:38:46.260250
77,2025-11-06,2025-11-17,Club Wyndham Emerald Grande at Destin,Emerald Grande,3 BEDROOM,3 Bedroom Deluxe Pool View,PI|R000000000096,533000,213200,4,319800,60.0,2025-10-05 15:48:43,2025-10-05T15:38:46.260250
77,2025-11-06,2025-11-17,Club Wyndham Emerald Grande at Destin,Emerald Grande,3 BEDROOM,3 Bedroom Plus,PI|R000000000096,574000,229600,3,344400,60.0,2025-10-05 15:48:43,2025-10-05T15:38:46.260250
77,2025-11-06,2025-11-17,Club Wyndham Panama City Beach,Panama City Beach,1 BEDROOM,1 Bedroom Lower Level,PI|R000000000099,272000,108800,1,163200,60.0,2025-10-05 15:48:43,2025-10-05T15:38:46.260250
77,2025-11-06,2025-11-17,Club Wyndham Panama City Beach,Panama City Beach,STUDIO,Studio Lower Level,PI|R000000000099,174000,69600,1,104400,60.0,2025-10-05 15:48:43,2025-10-05T15:38:46.260250
77,2025-11-06,2025-11-17,WorldMark Palm-Aire,WbW Queen Palm,2 BEDROOM,2 Bedroom Deluxe,PI|R000000000252,315000,315000,1,0,0.0,2025-10-05 15:48:43,2025-10-05T15:38:46.260250
77,2025-11-06,2025-11-17,WorldMark Palm-Aire,WbW Royal Palm,1 BEDROOM,1 Bedroom,PI|R000000000252,205000,205000,3,0,0.0,2025-10-05 15:48:43,2025-10-05T15:38:46.260250
77,2025-11-06,2025-11-17,WorldMark Palm-Aire,WbW Royal Palm,1 BEDROOM,1 Bedroom Deluxe,PI|R000000000252,223500,223500,2,0,0.0,2025-10-05 15:48:43,2025-10-05T15:38:46.260250
77,2025-11-06,2025-11-17,WorldMark Palm-Aire,WbW Royal Palm,2 BEDROOM,2 Bedroom,PI|R000000000252,292500,292500,4,0,0.0,2025-10-05 15:48:43,2025-10-05T15:38:46.260250
77,2025-11-06,2025-11-17,WorldMark Palm-Aire,WbW Royal Palm,2 BEDROOM,2 Bedroom Deluxe,PI|R000000000252,315000,315000,2,0,0.0,2025-10-05 15:48:43,2025-10-05T15:38:46.260250
77,2025-11-06,2025-11-17,WorldMark Sea Gardens,WbW Waterfalls,1 BEDROOM,1 Bedroom - Waterfalls,PI|R000000000254,223500,223500,1,0,0.0,2025-10-05 15:48:43,2025-10-05T15:38:46.260250
77,2025-11-06,2025-11-17,WorldMark Sea Gardens,WbW Waterfalls,STUDIO,Studio - Waterfalls,PI|R000000000254,179000,179000,1,0,0.0,2025-10-05 15:48:43,2025-10-05T15:38:46.260250
77,2025-11-06,2025-11-17,WorldMark Sea Gardens,WbW Waterfalls,STUDIO,Studio Deluxe - Waterfalls,PI|R000000000254,223500,223500,2,0,0.0,2025-10-05 15:48:43,2025-10-05T15:38:46.260250
77,2025-11-11,2025-11-15,Club Wyndham Cypress Palms,Cypress Palms,1 BEDROOM,1 Bedroom,PI|R000000000049,52500,21000,1,31500,60.0,2025-10-05 15:48:43,2025-10-05T15:38:49.242677
77,2025-11-11,2025-11-15,Club Wyndham Cypress Palms,Cypress Palms,1 BEDROOM,1 Bedroom Deluxe,PI|R000000000049,58500,23400,19,35100,60.0,2025-10-05 15:48:43,2025-10-05T15:38:49.242677
77,2025-11-11,2025-11-15,Club Wyndham Cypress Palms,Cypress Palms,2 BEDROOM,2 Bedroom Deluxe,PI|R000000000049,86000,34400,3,51600,60.0,2025-10-05 15:48:43,2025-10-05T15:38:49.242677
77,2025-11-11,2025-11-15,WorldMark Kingstown Reef,WbW Kingstown Reef,1 BEDROOM,1 Bedroom Deluxe,PI|R000000000214,93000,93000,1,0,0.0,2025-10-05 15:48:43,2025-10-05T15:38:49.242677
77,2025-11-11,2025-11-15,WorldMark Kingstown Reef,WbW Kingstown Reef,2 BEDROOM,2 Bedroom Deluxe - Communication ,PI|R000000000214,111500,111500,1,0,0.0,2025-10-05 15:48:43,2025-10-05T15:38:49.242677
77,2025-11-11,2025-11-15,WorldMark Kingstown Reef,WbW Kingstown Reef,2 BEDROOM,2 Bedroom Twin,PI|R000000000214,102500,102500,2,0,0.0,2025-10-05 15:48:43,2025-10-05T15:38:49.242677
77,2025-11-11,2025-11-15,WorldMark Reunion,WbW Reunion,3 BEDROOM,3 Bedroom Deluxe,PI|R000000000261,156500,156500,10,0,0.0,2025-10-05 15:48:43,2025-10-05T15:38:49.242677
77,2025-11-11,2025-11-15,WorldMark Reunion,WbW Reunion,3 BEDROOM,3 Bedroom Deluxe - Communication ,PI|R000000000261,156500,156500,2,0,0.0,2025-10-05 15:48:43,2025-10-05T15:38:49.242677
77,2025-11-30,2025-12-06,Club Wyndham Cypress Palms,Cypress Palms,1 BEDROOM,1 Bedroom,PI|R000000000049,71000,28400,9,42600,60.0,2025-10-05 15:48:43,2025-10-05T15:38:52.077651
77,2025-11-30,2025-12-06,Club Wyndham Cypress Palms,Cypress Palms,1 BEDROOM,1 Bedroom Deluxe,PI|R000000000049,79500,31800,11,47700,60.0,2025-10-05 15:48:43,2025-10-05T15:38:52.077651
77,2025-11-30,2025-12-06,WorldMark Kingstown Reef,WbW Kingstown Reef,2 BEDROOM,2 Bedroom Deluxe - Communication ,PI|R000000000214,159500,159500,1,0,0.0,2025-10-05 15:48:43,2025-10-05T15:38:52.077651
77,2025-11-30,2025-12-06,WorldMark Reunion,WbW Reunion,3 BEDROOM,3 Bedroom Deluxe,PI|R000000000261,223500,223500,30,0,0.0,2025-10-05 15:48:43,2025-10-05T15:38:52.077651
77,2025-11-30,2025-12-06,WorldMark Reunion,WbW Reunion,3 BEDROOM,3 Bedroom Deluxe - Communication ,PI|R000000000261,223500,223500,4,0,0.0,2025-10-05 15:48:43,2025-10-05T15:38:52.077651
77,2025-12-01,2025-12-07,Club Wyndham Cypress Palms,Cypress Palms,1 BEDROOM,1 Bedroom,PI|R000000000049,79000,31600,9,47400,60.0,2025-10-05 15:48:43,2025-10-05T15:38:54.807703
77,2025-12-01,2025-12-07,Club Wyndham Cypress Palms,Cypress Palms,1 BEDROOM,1 Bedroom Deluxe,PI|R000000000049,87000,34800,11,52200,60.0,2025-10-05 15:48:43,2025-10-05T15:38:54.807703
77,2025-12-01,2025-12-07,WorldMark Reunion,WbW Reunion,3 BEDROOM,3 Bedroom Deluxe,PI|R000000000261,246000,246000,30,0,0.0,2025-10-05 15:48:43,2025-10-05T15:38:54.807703
77,2025-12-01,2025-12-07,WorldMark Reunion,WbW Reunion,3 BEDROOM,3 Bedroom Deluxe - Communication ,PI|R000000000261,246000,246000,4,0,0.0,2025-10-05 15:48:43,2025-10-05T15:38:54.807703
77,2025-12-02,2025-12-10,Club Wyndham Cypress Palms,Cypress Palms,1 BEDROOM,1 Bedroom,PI|R000000000049,92500,37000,9,55500,60.0,2025-10-05 15:48:43,2025-10-05T15:38:57.625927
77,2025-12-02,2025-12-10,WorldMark Reunion,WbW Reunion,3 BEDROOM,3 Bedroom Deluxe,PI|R000000000261,313000,313000,26,0,0.0,2025-10-05 15:48:43,2025-10-05T15:38:57.625927
77,2025-12-02,2025-12-10,WorldMark Reunion,WbW Reunion,3 BEDROOM,3 Bedroom Deluxe - Communication ,PI|R000000000261,313000,313000,5,0,0.0,2025-10-05 15:48:43,2025-10-05T15:38:57.625927
77,2025-12-19,2025-12-21,Club Wyndham Orlando International,Orlando International Resort Club,2 BEDROOM,2 Bedroom,PI|R000000000038,60500,60500,8,0,0.0,2025-10-05 15:48:43,2025-10-05T15:39:00.499512
77,2025-12-19,2025-12-21,Club Wyndham Star Island,Star Island,1 BEDROOM,1 Bedroom Deluxe,PI|R000000000039,53000,53000,1,0,0.0,2025-10-05 15:48:43,2025-10-05T15:39:00.499512
77,2025-12-19,2025-12-21,Club Wyndham Cypress Palms,Cypress Palms,1 BEDROOM,1 Bedroom,PI|R000000000049,47000,47000,31,0,0.0,2025-10-05 15:48:43,2025-10-05T15:39:00.499512
77,2025-12-19,2025-12-21,Club Wyndham Cypress Palms,Cypress Palms,1 BEDROOM,1 Bedroom Deluxe,PI|R000000000049,53000,53000,29,0,0.0,2025-10-05 15:48:43,2025-10-05T15:39:00.499512
77,2025-12-19,2025-12-21,Club Wyndham Cypress Palms,Cypress Palms,1 BEDROOM,1 Bedroom Suite,PI|R000000000049,42000,42000,7,0,0.0,2025-10-05 15:48:43,2025-10-05T15:39:00.499512
77,2025-12-19,2025-12-21,Club Wyndham Cypress Palms,Cypress Palms,2 BEDROOM,2 Bedroom Lockoff,PI|R000000000049,95000,95000,7,0,0.0,2025-10-05 15:48:43,2025-10-05T15:39:00.499512
77,2025-12-19,2025-12-21,Club Wyndham Kingstown Reef,Kingstown Reef Presidential Reserve,1 BEDROOM,1 Bedroom Presidential (Presidential Reserve),PI|R000000000318,130000,130000,1,0,0.0,2025-10-05 15:48:43,2025-10-05T15:39:00.499512
77,2025-12-19,2025-12-21,Club Wyndham Reunion,Reunion,3 BEDROOM,3 Bedroom Deluxe,PI|R000000000100,115000,115000,10,0,0.0,2025-10-05 15:48:43,2025-10-05T15:39:00.499512
77,2025-12-19,2025-12-21,WorldMark Kingstown Reef,WbW Kingstown Reef,1 BEDROOM,1 Bedroom Deluxe,PI|R000000000214,66000,66000,1,0,0.0,2025-10-05 15:48:43,2025-10-05T15:39:00.499512
77,2025-12-19,2025-12-21,WorldMark Kingstown Reef,WbW Kingstown Reef,1 BEDROOM,1 Bedroom Deluxe - Communication ,PI|R000000000214,66000,66000,2,0,0.0,2025-10-05 15:48:43,2025-10-05T15:39:00.499512
77,2025-12-19,2025-12-21,WorldMark Kingstown Reef,WbW Kingstown Reef,2 BEDROOM,2 Bedroom Deluxe - Communication ,PI|R000000000214,79000,79000,1,0,0.0,2025-10-05 15:48:43,2025-10-05T15:39:00.499512
77,2025-12-19,2025-12-21,WorldMark Kingstown Reef,WbW Kingstown Reef,2 BEDROOM,2 Bedroom Double Beds,PI|R000000000214,73000,73000,2,0,0.0,2025-10-05 15:48:43,2025-10-05T15:39:00.499512
77,2025-12-19,2025-12-21,WorldMark Kingstown Reef,WbW Kingstown Reef,2 BEDROOM,2 Bedroom Twin,PI|R000000000214,73000,73000,1,0,0.0,2025-10-05 15:48:43,2025-10-05T15:39:00.499512
77,2025-12-19,2025-12-21,WorldMark Kingstown Reef,WbW Kingstown Reef,STUDIO,Studio Deluxe,PI|R000000000214,54000,54000,3,0,0.0,2025-10-05 15:48:43,2025-10-05T15:39:00.499512
77,2025-12-19,2025-12-21,WorldMark Kingstown Reef,WbW Kingstown Reef,STUDIO,Studio Deluxe - Communication ,PI|R000000000214,54000,54000,1,0,0.0,2025-10-05 15:48:43,2025-10-05T15:39:00.499512
77,2025-12-19,2025-12-21,WorldMark Reunion,WbW Reunion,3 BEDROOM,3 Bedroom Deluxe,PI|R000000000261,112000,112000,30,0,0.0,2025-10-05 15:48:43,2025-10-05T15:39:00.499512
77,2025-12-19,2025-12-21,WorldMark Reunion,WbW Reunion,3 BEDROOM,3 Bedroom Deluxe - Communication ,PI|R000000000261,112000,112000,2,0,0.0,2025-10-05 15:48:43,2025-10-05T15:39:00.499512
77,2025-12-31,2026-01-04,Club Wyndham Ocean Walk,Ocean Walk,1 BEDROOM,1 Bedroom Suite,PI|R000000000005,57000,57000,5,0,0.0,2025-10-05 15:48:43,2025-10-05T15:39:03.628979
77,2025-12-31,2026-01-04,Club Wyndham Ocean Walk,Ocean Walk,2 BEDROOM,2 Bedroom Deluxe,PI|R000000000005,114000,114000,7,0,0.0,2025-10-05 15:48:43,2025-10-05T15:39:03.628979
